date,is_weekend,is_holiday,event,promo,prev_qty,avg7_qty,food_qty,drink_qty,daily_qty,cold_qty,beauty_qty,avg7_food_qty,avg7_drink_qty,avg7_daily_qty,avg7_cold_qty,avg7_beauty_qty,top_sku_ratio,heavy_item_ratio,cold_chain_ratio,outbound_qty
2022-01-01,1,1,0,0,311,311,96,73,49,64,29,96,73,49,64,29,0.17,0.183,0.203,311
2022-01-02,1,0,0,0,311,311,92,60,49,60,22,96,73,49,64,29,0.193,0.179,0.132,283
2022-01-03,0,0,0,0,283,297,100,91,68,57,53,94,66.5,49,62,25.5,0.182,0.175,0.205,369
2022-01-04,0,0,0,0,369,321,98,78,80,58,37,96,74.7,55.3,60.3,34.7,0.188,0.192,0.235,351
2022-01-05,0,0,0,0,351,328.5,109,76,67,59,43,96.5,75.5,61.5,59.8,35.2,0.146,0.177,0.229,354
2022-01-06,0,1,0,0,354,333.6,99,79,77,60,48,99,75.6,62.6,59.6,36.8,0.239,0.192,0.204,363
2022-01-07,0,0,0,1,363,338.5,128,126,109,103,59,99,76.2,65,59.7,38.7,0.215,0.166,0.169,525
2022-01-08,1,0,0,0,525,365.1,111,78,61,71,36,103.1,83.3,71.3,65.9,41.6,0.261,0.154,0.207,357
2022-01-09,1,0,0,0,357,371.7,102,78,63,75,40,105.3,84,73,66.9,42.6,0.175,0.133,0.136,358
2022-01-10,0,0,0,0,358,382.4,80,85,66,60,40,106.7,86.6,75,69,45.1,0.198,0.153,0.164,331
2022-01-11,0,0,0,0,331,377,118,97,91,70,49,103.9,85.7,74.7,69.4,43.3,0.24,0.177,0.211,425
2022-01-12,0,0,0,1,425,387.6,138,122,102,87,49,106.7,88.4,76.3,71.1,45,0.175,0.177,0.187,498
2022-01-13,0,0,0,0,498,408.1,116,94,82,70,62,110.9,95,81.3,75.1,45.9,0.155,0.18,0.166,424
2022-01-14,0,0,0,0,424,416.9,147,108,85,81,49,113.3,97.1,82,76.6,47.9,0.166,0.154,0.172,470
2022-01-15,1,0,0,0,470,409,115,97,71,91,32,116,94.6,78.6,73.4,46.4,0.246,0.155,0.189,406
2022-01-16,1,0,0,0,406,416,135,111,72,92,37,116.6,97.3,80,76.3,45.9,0.222,0.175,0.196,447
2022-01-17,0,0,0,0,447,428.7,121,103,97,81,51,121.3,102,81.3,78.7,45.4,0.169,0.18,0.203,453
2022-01-18,0,0,0,1,453,446.1,141,122,99,73,66,127.1,104.6,85.7,81.7,47,0.257,0.153,0.149,501
2022-01-19,0,0,0,0,501,457,126,105,106,79,47,130.4,108.1,86.9,82.1,49.4,0.232,0.2,0.157,463
2022-01-20,0,0,0,0,463,452,136,119,95,86,52,128.7,105.7,87.4,81,49.1,0.203,0.196,0.209,488
2022-01-21,0,0,0,0,488,461.1,125,105,83,73,53,131.6,109.3,89.3,83.3,47.7,0.222,0.171,0.204,439
2022-01-22,1,1,0,0,439,456.7,119,96,70,91,34,128.4,108.9,89,82.1,48.3,0.201,0.171,0.167,410
2022-01-23,1,0,0,0,410,457.3,119,86,63,73,35,129,108.7,88.9,82.1,48.6,0.226,0.158,0.195,376
2022-01-24,0,0,0,0,376,447.1,110,81,73,74,40,126.7,105.1,87.6,79.4,48.3,0.217,0.191,0.137,378
2022-01-25,0,0,0,0,378,436.4,104,80,72,59,41,125.1,102,84.1,78.4,46.7,0.233,0.18,0.179,356
2022-01-26,0,0,0,0,356,415.7,108,88,77,59,43,119.9,96,80.3,76.4,43.1,0.192,0.176,0.172,375
2022-01-27,0,0,0,0,375,403.1,122,101,90,62,58,117.3,93.6,76.1,73.6,42.6,0.208,0.2,0.105,433
2022-01-28,0,0,0,0,433,395.3,108,84,74,71,54,115.3,91,75.4,70.1,43.4,0.202,0.196,0.202,391
2022-01-29,1,1,0,0,391,388.4,111,83,69,83,41,112.9,88,74.1,69.9,43.6,0.188,0.189,0.165,387
2022-01-30,1,0,0,0,387,385.1,110,94,65,80,25,111.7,86.1,74,68.7,44.6,0.253,0.191,0.155,374
2022-01-31,0,0,0,0,374,384.9,110,92,81,67,54,110.4,87.3,74.3,69.7,43.1,0.207,0.153,0.141,404
2022-02-01,0,0,0,1,404,388.6,147,102,96,86,62,110.4,88.9,75.4,68.7,45.1,0.193,0.177,0.157,493
2022-02-02,0,0,0,0,493,408.1,132,88,88,69,50,116.6,92,78.9,72.6,48.1,0.171,0.16,0.159,427
2022-02-03,0,0,0,0,427,415.6,136,106,106,89,45,120,92,80.4,74,49.1,0.21,0.175,0.227,482
2022-02-04,0,0,0,1,482,422.6,154,120,105,95,71,122,92.7,82.7,77.9,47.3,0.153,0.169,0.219,545
2022-02-05,1,0,0,0,545,444.6,136,111,96,106,33,128.6,97.9,87.1,81.3,49.7,0.169,0.187,0.21,482
2022-02-06,1,0,0,0,482,458.1,124,93,56,77,33,132.1,101.9,91,84.6,48.6,0.269,0.162,0.14,383
2022-02-07,0,0,1,0,383,459.4,188,130,116,116,79,134.1,101.7,89.7,84.1,49.7,0.168,0.165,0.152,629
2022-02-08,0,0,0,1,629,491.6,156,117,115,83,61,145.3,107.1,94.7,91.1,53.3,0.184,0.176,0.17,532
2022-02-09,0,0,0,0,532,497.1,154,114,96,79,54,146.6,109.3,97.4,90.7,53.1,0.192,0.142,0.145,497
2022-02-10,0,0,0,0,497,507.1,134,115,99,77,50,149.7,113,98.6,92.1,53.7,0.148,0.216,0.178,475
2022-02-11,0,0,0,0,475,506.1,142,142,108,82,71,149.4,114.3,97.6,90.4,54.4,0.159,0.187,0.154,545
2022-02-12,1,0,0,0,545,506.1,135,91,77,83,37,147.7,117.4,98,88.6,54.4,0.217,0.156,0.192,423
2022-02-13,1,0,0,0,423,497.7,128,86,71,77,43,147.6,114.6,95.3,85.3,55,0.21,0.176,0.17,405
2022-02-14,0,0,1,0,405,500.9,151,122,112,96,71,148.1,113.6,97.4,85.3,56.4,0.211,0.161,0.215,552
2022-02-15,0,0,0,0,552,489.9,130,109,90,83,47,142.9,112.4,96.9,82.4,55.3,0.22,0.164,0.156,459
2022-02-16,0,0,0,0,459,479.4,120,96,77,69,51,139.1,111.3,93.3,82.4,53.3,0.165,0.18,0.173,413
2022-02-17,0,0,0,0,413,467.4,129,97,96,65,48,134.3,108.7,90.6,81,52.9,0.193,0.18,0.214,435
2022-02-18,0,0,0,0,435,461.7,118,100,90,76,53,133.6,106.1,90.1,79.3,52.6,0.207,0.163,0.159,437
2022-02-19,1,0,0,1,437,446.3,125,94,74,75,46,130.1,100.1,87.6,78.4,50,0.185,0.179,0.222,414
2022-02-20,1,0,0,0,414,445,110,99,68,73,41,128.7,100.6,87.1,77.3,51.3,0.214,0.174,0.175,391
2022-02-21,0,0,0,1,391,443,170,103,117,104,60,126.1,102.4,86.7,76.7,51,0.228,0.146,0.212,554
2022-02-22,0,0,0,1,554,443.3,153,120,115,93,61,128.9,99.7,87.4,77.9,49.4,0.215,0.156,0.176,542
2022-02-23,0,0,0,0,542,455.1,109,94,81,76,55,132.1,101.3,91,79.3,51.4,0.228,0.179,0.179,415
2022-02-24,0,0,0,0,415,455.4,117,89,76,66,51,130.6,101,91.6,80.3,52,0.179,0.204,0.187,399
2022-02-25,0,0,0,1,399,450.3,169,127,117,98,72,128.9,99.9,88.7,80.4,52.4,0.213,0.137,0.132,583
2022-02-26,1,0,0,0,583,471.1,135,101,85,82,41,136.1,103.7,92.6,83.6,55.1,0.169,0.222,0.202,444
2022-02-27,1,0,0,0,444,475.4,115,94,62,76,41,137.6,104.7,94.1,84.6,54.4,0.197,0.157,0.192,388
2022-02-28,0,0,0,0,388,475,122,91,91,76,54,138.3,104,93.3,85,54.4,0.19,0.154,0.186,434
2022-03-01,0,0,0,0,434,457.9,120,107,92,79,55,131.4,102.3,89.6,81,53.6,0.171,0.196,0.2,453
2022-03-02,0,0,1,0,453,445.1,155,136,105,89,51,126.7,100.4,86.3,79,52.7,0.193,0.179,0.196,536
2022-03-03,0,0,0,0,536,462.4,146,102,88,71,75,133.3,106.4,89.7,80.9,52.1,0.178,0.157,0.14,482
2022-03-04,0,0,0,0,482,474.3,100,87,81,73,45,137.4,108.3,91.4,81.6,55.6,0.173,0.166,0.222,386
2022-03-05,1,0,0,0,386,446.1,118,90,72,74,38,127.6,102.6,86.3,78,51.7,0.144,0.197,0.185,392
2022-03-06,1,0,0,0,392,438.7,103,87,64,73,27,125.1,101,84.4,76.9,51.3,0.223,0.162,0.21,354
2022-03-07,0,0,0,1,354,433.9,164,126,122,96,68,123.4,100,84.7,76.4,49.3,0.236,0.164,0.103,576
2022-03-08,0,0,1,0,576,454.1,162,125,122,116,74,129.4,105,89.1,79.3,51.3,0.216,0.157,0.169,599
2022-03-09,0,0,0,0,599,475,152,127,107,63,55,135.4,107.6,93.4,84.6,54,0.19,0.158,0.095,504
2022-03-10,0,0,0,0,504,470.4,109,86,92,69,51,135,106.3,93.7,80.9,54.6,0.208,0.208,0.168,407
2022-03-11,0,0,0,0,407,459.7,109,105,91,82,55,129.7,104,94.3,80.6,51.1,0.177,0.176,0.164,442
2022-03-12,1,0,0,0,442,467.7,119,99,73,78,41,131,106.6,95.7,81.9,52.6,0.2,0.15,0.153,410
2022-03-13,1,0,0,0,410,470.3,125,101,70,71,36,131.1,107.9,95.9,82.4,53,0.224,0.178,0.221,403
2022-03-14,0,0,0,0,403,477.3,134,119,107,90,62,134.3,109.9,96.7,82.1,54.3,0.229,0.191,0.158,512
2022-03-15,0,0,0,0,512,468.1,129,97,82,63,49,130,108.9,94.6,81.3,53.4,0.203,0.18,0.153,420
2022-03-16,0,0,0,0,420,442.6,114,90,86,67,50,125.3,104.9,88.9,73.7,49.9,0.16,0.175,0.18,407
2022-03-17,0,0,0,0,407,428.7,128,102,97,63,43,119.9,99.6,85.9,74.3,49.1,0.197,0.164,0.127,433
2022-03-18,0,0,0,0,433,432.4,120,112,92,77,45,122.6,101.9,86.6,73.4,48,0.168,0.16,0.166,446
2022-03-19,1,0,1,1,446,433,209,152,84,120,43,124.1,102.9,86.7,72.7,46.6,0.205,0.175,0.167,608
2022-03-20,1,0,1,1,608,461.3,191,133,95,115,61,137,110.4,88.3,78.7,46.9,0.2,0.191,0.133,595
2022-03-21,0,0,0,0,595,488.7,161,148,118,83,65,146.4,115,91.9,85,50.4,0.17,0.199,0.193,575
2022-03-22,0,0,0,0,575,497.7,139,126,110,93,55,150.3,119.1,93.4,84,50.9,0.171,0.177,0.153,523
2022-03-23,0,0,0,0,523,512.4,129,100,92,86,56,151.7,123.3,97.4,88.3,51.7,0.131,0.172,0.138,463
2022-03-24,0,0,0,0,463,520.4,121,93,92,67,54,153.9,124.7,98.3,91,52.6,0.203,0.161,0.24,427
2022-03-25,0,0,1,0,427,519.6,147,120,103,77,59,152.9,123.4,97.6,91.6,54.1,0.214,0.213,0.183,506
2022-03-26,1,0,0,0,506,528.1,134,101,78,88,50,156.7,124.6,99.1,91.6,56.1,0.208,0.189,0.152,451
2022-03-27,1,0,0,0,451,505.7,134,95,79,86,43,146,117.3,98.3,87,57.1,0.195,0.22,0.19,437
2022-03-28,0,0,0,0,437,483.1,152,119,94,75,56,137.9,111.9,96,82.9,54.6,0.197,0.152,0.163,496
2022-03-29,0,0,0,0,496,471.9,135,100,102,80,70,136.6,107.7,92.6,81.7,53.3,0.212,0.174,0.239,487
2022-03-30,0,0,0,0,487,466.7,133,100,88,76,60,136,104,91.4,79.9,55.4,0.21,0.199,0.165,457
2022-03-31,0,0,0,0,457,465.9,120,95,90,85,60,136.6,104,90.9,78.4,56,0.202,0.17,0.203,450
2022-04-01,0,0,0,0,450,469.1,148,106,95,78,54,136.4,104.3,90.6,81,56.9,0.181,0.172,0.173,481
2022-04-02,1,0,0,1,481,465.6,136,111,76,88,45,136.6,102.3,89.4,81.1,56.1,0.16,0.176,0.137,456
2022-04-03,1,0,0,0,456,466.3,125,101,68,77,35,136.9,103.7,89.1,81.1,55.4,0.164,0.185,0.15,406
2022-04-04,0,0,0,0,406,461.9,117,93,85,71,43,135.6,104.6,87.6,79.9,54.3,0.185,0.202,0.261,409
2022-04-05,0,0,0,1,409,449.4,147,119,101,87,76,130.6,100.9,86.3,79.3,52.4,0.171,0.182,0.175,530
2022-04-06,0,0,0,0,530,455.6,119,104,93,73,42,132.3,103.6,86.1,80.3,53.3,0.209,0.176,0.212,431
2022-04-07,0,0,0,0,431,451.9,128,108,89,62,48,130.3,104.1,86.9,79.9,50.7,0.161,0.161,0.217,435
2022-04-08,0,0,0,1,435,449.7,135,106,89,95,57,131.4,106,86.7,76.6,49,0.148,0.195,0.17,482
2022-04-09,1,0,0,0,482,449.9,124,95,81,79,42,129.6,106,85.9,79,49.4,0.161,0.169,0.121,421
2022-04-10,1,0,0,0,421,444.9,123,88,61,90,38,127.9,103.7,86.6,77.7,49,0.219,0.151,0.137,400
2022-04-11,0,0,0,1,400,444,157,112,118,80,80,127.6,101.9,85.6,79.6,49.4,0.197,0.194,0.191,547
2022-04-12,0,0,0,0,547,463.7,113,101,84,64,50,133.3,104.6,90.3,80.9,54.7,0.227,0.176,0.197,412
2022-04-13,0,0,0,1,412,446.9,135,106,78,66,59,128.4,102,87.9,77.6,51,0.246,0.164,0.211,444
2022-04-14,0,0,0,0,444,448.7,132,116,101,71,53,130.7,102.3,85.7,76.6,53.4,0.22,0.146,0.159,473
2022-04-15,0,0,0,0,473,454.1,133,105,100,85,50,131.3,103.4,87.4,77.9,54.1,0.158,0.197,0.167,473
2022-04-16,1,0,0,0,473,452.9,117,91,74,97,47,131,103.3,89,76.4,53.1,0.232,0.17,0.239,426
2022-04-17,1,0,0,1,426,453.6,108,84,71,81,34,130,102.7,88,79,53.9,0.181,0.161,0.203,378
2022-04-18,0,0,0,0,378,450.4,121,93,96,70,50,127.9,102.1,89.4,77.7,53.3,0.261,0.165,0.185,430
2022-04-19,0,0,0,0,430,433.7,155,126,91,87,61,122.7,99.4,86.3,76.3,49,0.201,0.162,0.18,520
2022-04-20,0,0,0,0,520,449.1,108,90,85,73,55,128.7,103,87.3,79.6,50.6,0.183,0.128,0.158,411
2022-04-21,0,0,0,0,411,444.4,104,99,80,72,51,124.9,100.7,88.3,80.6,50,0.186,0.175,0.168,406
2022-04-22,0,0,0,0,406,434.9,140,98,100,72,60,120.9,98.3,85.3,80.7,49.7,0.259,0.189,0.169,470
2022-04-23,1,0,0,0,470,434.4,107,76,74,83,45,121.9,97.3,85.3,78.9,51.1,0.198,0.176,0.216,385
2022-04-24,1,0,0,0,385,428.6,110,100,58,79,40,120.4,95.1,85.3,76.9,50.9,0.191,0.151,0.225,387
2022-04-25,0,0,0,1,387,429.9,142,123,107,82,81,120.7,97.4,83.4,76.6,51.7,0.144,0.198,0.149,535
2022-04-26,0,0,0,0,535,444.9,146,119,106,90,63,123.7,101.7,85,78.3,56.1,0.196,0.168,0.128,524
2022-04-27,0,0,1,0,524,445.4,146,125,114,104,68,122.4,100.7,87.1,78.7,56.4,0.185,0.165,0.159,557
2022-04-28,0,0,0,0,557,466.3,141,117,86,78,67,127.9,105.7,91.3,83.1,58.3,0.229,0.164,0.183,489
2022-04-29,0,0,0,0,489,478.1,122,107,82,80,49,133.1,108.3,92.1,84,60.6,0.148,0.196,0.134,440
2022-04-30,1,0,0,0,440,473.9,126,104,73,84,49,130.6,109.6,89.6,85.1,59,0.243,0.176,0.198,436
2022-05-01,1,0,0,0,436,481.1,127,95,60,83,43,133.3,113.6,89.4,85.3,59.6,0.215,0.186,0.174,408
2022-05-02,0,0,0,0,408,484.1,110,96,73,70,49,135.7,112.9,89.7,85.9,60,0.233,0.171,0.208,398
2022-05-03,0,0,0,0,398,464.6,133,100,91,84,53,131.1,109,84.9,84.1,55.4,0.23,0.186,0.209,461
2022-05-04,0,0,0,0,461,455.6,137,103,94,72,49,129.3,106.3,82.7,83.3,54,0.207,0.159,0.179,455
2022-05-05,0,0,0,1,455,441,149,110,106,67,56,128,103.1,79.9,78.7,51.3,0.217,0.152,0.177,488
2022-05-06,0,0,0,0,488,440.9,128,97,96,77,55,129.1,102.1,82.7,77.1,49.7,0.237,0.155,0.157,453
2022-05-07,1,0,1,0,453,442.7,164,126,84,114,55,130,100.7,84.7,76.7,50.6,0.161,0.165,0.152,543
2022-05-08,1,0,0,0,543,458,138,104,76,94,36,135.4,103.9,86.3,81,51.4,0.169,0.173,0.108,448
2022-05-09,0,0,1,0,448,463.7,171,129,107,112,67,137,105.1,88.6,82.6,50.4,0.207,0.174,0.131,586
2022-05-10,0,0,0,0,586,490.6,145,121,113,90,54,145.7,109.9,93.4,88.6,53,0.216,0.142,0.238,523
2022-05-11,0,0,1,0,523,499.4,197,169,132,111,62,147.4,112.9,96.6,89.4,53.1,0.242,0.169,0.179,671
2022-05-12,0,0,0,0,671,530.3,155,117,108,89,64,156,122.3,102,95,55,0.212,0.203,0.199,533
2022-05-13,0,0,0,0,533,536.7,141,109,105,84,69,156.9,123.3,102.3,98.1,56.1,0.183,0.174,0.129,508
2022-05-14,1,0,0,1,508,544.6,148,115,77,98,42,158.7,125,103.6,99.1,58.1,0.217,0.139,0.142,480
2022-05-15,1,0,1,0,480,535.6,190,127,99,115,44,156.4,123.4,102.6,96.9,56.3,0.189,0.203,0.226,575
2022-05-16,0,0,0,0,575,553.7,155,130,103,85,86,163.9,126.7,105.9,99.9,57.4,0.248,0.155,0.158,559
2022-05-17,0,0,0,0,559,549.9,164,121,101,81,81,161.6,126.9,105.3,96,60.1,0.211,0.208,0.166,548
2022-05-18,0,0,0,0,548,553.4,147,115,97,92,54,164.3,126.9,103.6,94.7,64,0.216,0.182,0.194,505
2022-05-19,0,0,0,1,505,529.7,149,114,106,89,62,157.1,119.1,98.6,92,62.9,0.261,0.193,0.175,520
2022-05-20,0,0,0,0,520,527.9,143,122,93,98,70,156.3,118.7,98.3,92,62.6,0.18,0.154,0.166,526
2022-05-21,1,0,0,0,526,530.4,139,102,78,96,35,156.6,120.6,96.6,94,62.7,0.182,0.174,0.175,450
2022-05-22,1,0,0,0,450,526.1,146,109,80,103,40,155.3,118.7,96.7,93.7,61.7,0.244,0.202,0.188,478
2022-05-23,0,0,0,0,478,512.3,129,126,102,76,64,149,116.1,94,92,61.1,0.193,0.161,0.185,497
2022-05-24,0,0,0,1,497,503.4,160,129,120,75,60,145.3,115.6,93.9,90.7,58,0.222,0.178,0.161,544
2022-05-25,0,0,0,0,544,502.9,120,100,90,72,47,144.7,116.7,96.6,89.9,55,0.181,0.178,0.147,429
2022-05-26,0,0,0,0,429,492,114,87,86,69,47,140.9,114.6,95.6,87,54,0.212,0.185,0.176,403
2022-05-27,0,0,0,0,403,475.3,140,105,89,85,60,135.9,110.7,92.7,84.1,51.9,0.207,0.183,0.259,479
2022-05-28,1,0,0,0,479,468.6,129,100,80,88,33,135.4,108.3,92.1,82.3,50.4,0.191,0.198,0.154,430
2022-05-29,1,0,0,0,430,465.7,114,97,70,76,42,134,108,92.4,81.1,50.1,0.189,0.145,0.176,399
2022-05-30,0,0,0,0,399,454.4,137,120,105,89,63,129.4,106.3,91,77.3,50.4,0.163,0.208,0.196,514
2022-05-31,0,0,1,0,514,456.9,180,139,139,105,75,130.6,105.4,91.4,79.1,50.3,0.187,0.181,0.2,638
2022-06-01,0,0,0,0,638,470.3,129,124,96,93,51,133.4,106.9,94.1,83.4,52.4,0.238,0.182,0.191,493
2022-06-02,0,0,0,0,493,479.4,137,104,101,73,48,134.7,110.3,95,86.4,53,0.205,0.181,0.212,463
2022-06-03,0,0,0,0,463,488,146,130,94,85,55,138,112.7,97.1,87,53.1,0.183,0.182,0.148,510
2022-06-04,1,0,0,0,510,492.4,123,109,78,96,51,138.9,116.3,97.9,87,52.4,0.218,0.161,0.101,457
2022-06-05,1,0,0,0,457,496.3,123,102,77,86,49,138,117.6,97.6,88.1,55,0.164,0.158,0.189,437
2022-06-06,0,0,0,0,437,501.7,146,123,101,61,62,139.3,118.3,98.6,89.6,56,0.177,0.193,0.185,493
2022-06-07,0,0,0,0,493,498.7,139,115,83,59,52,140.6,118.7,98,85.6,55.9,0.188,0.162,0.164,448
2022-06-08,0,0,0,0,448,471.6,129,113,93,69,60,134.7,115.3,90,79,52.6,0.182,0.167,0.229,464
2022-06-09,0,0,0,0,464,467.4,110,85,82,61,46,134.7,113.7,89.6,75.6,53.9,0.198,0.17,0.147,384
2022-06-10,0,0,0,0,384,456.1,130,98,83,83,51,130.9,111,86.9,73.9,53.6,0.199,0.143,0.164,445
2022-06-11,1,0,0,0,445,446.9,124,99,66,79,33,128.6,106.4,85.3,73.6,53,0.194,0.197,0.156,401
2022-06-12,1,0,0,0,401,438.9,102,80,66,75,35,128.7,105,83.6,71.1,50.4,0.171,0.152,0.151,358
2022-06-13,0,0,0,0,358,427.6,139,121,93,92,57,125.7,101.9,82,69.6,48.4,0.143,0.165,0.174,502
2022-06-14,0,0,0,0,502,428.9,135,109,97,90,37,124.7,101.6,80.9,74,47.7,0.211,0.172,0.181,468
2022-06-15,0,0,0,0,468,431.7,128,121,87,76,42,124.1,100.7,82.9,78.4,45.6,0.183,0.176,0.182,454
2022-06-16,0,0,0,0,454,430.3,121,93,95,84,53,124,101.9,82,79.4,43,0.182,0.163,0.22,446
2022-06-17,0,0,0,0,446,439.1,132,103,79,78,48,125.6,103,83.9,82.7,44,0.202,0.17,0.15,440
2022-06-18,1,0,0,0,440,438.4,118,94,58,83,30,125.9,103.7,83.3,82,43.6,0.175,0.203,0.166,383
2022-06-19,1,0,0,0,383,435.9,120,96,79,93,36,125,103,82.1,82.6,43.1,0.166,0.16,0.203,424
2022-06-20,0,0,1,0,424,445.3,157,125,112,102,72,127.6,105.3,84,85.1,43.3,0.181,0.161,0.155,568
2022-06-21,0,0,0,0,568,454.7,147,126,100,83,53,130.1,105.9,86.7,86.6,45.4,0.167,0.186,0.081,509
2022-06-22,0,0,0,1,509,460.6,180,142,130,101,61,131.9,108.3,87.1,85.6,47.7,0.211,0.17,0.234,614
2022-06-23,0,0,0,0,614,483.4,134,116,82,89,65,139.3,111.3,93.3,89.1,50.4,0.164,0.179,0.216,486
2022-06-24,0,0,0,0,486,489.1,114,91,78,68,30,141.1,114.6,91.4,89.9,52.1,0.202,0.197,0.143,381
2022-06-25,1,0,0,0,381,480.7,124,92,72,84,37,138.6,112.9,91.3,88.4,49.6,0.204,0.168,0.215,409
2022-06-26,1,0,0,0,409,484.4,115,87,72,83,37,139.4,112.6,93.3,88.6,50.6,0.138,0.164,0.208,394
2022-06-27,0,0,1,0,394,480.1,166,130,114,101,83,138.7,111.3,92.3,87.1,50.7,0.163,0.137,0.18,594
2022-06-28,0,0,0,0,594,483.9,136,114,95,84,73,140,112,92.6,87,52.3,0.164,0.163,0.142,502
2022-06-29,0,0,0,0,502,482.9,132,106,73,72,58,138.4,110.3,91.9,87.1,55.1,0.213,0.206,0.162,441
2022-06-30,0,0,0,0,441,458.1,107,95,88,87,54,131.6,105.1,83.7,83,54.7,0.205,0.171,0.224,431
2022-07-01,0,0,0,1,431,450.3,147,118,99,89,49,127.7,102.1,84.6,82.7,53.1,0.192,0.195,0.147,502
2022-07-02,1,0,0,0,502,467.6,126,91,71,86,37,132.4,106,87.6,85.7,55.9,0.212,0.191,0.164,411
2022-07-03,1,0,0,1,411,467.9,133,99,84,91,36,132.7,105.9,87.4,86,55.9,0.216,0.173,0.178,443
2022-07-04,0,0,0,0,443,474.9,124,106,96,83,66,135.3,107.6,89.1,87.1,55.7,0.157,0.189,0.19,475
2022-07-05,0,0,0,0,475,457.9,143,106,98,87,51,129.3,104.1,86.6,84.6,53.3,0.159,0.163,0.119,485
2022-07-06,0,0,0,0,485,455.4,151,112,101,79,68,130.3,103,87,85,50.1,0.193,0.205,0.111,511
2022-07-07,0,0,0,1,511,465.4,120,110,114,82,46,133,103.9,91,86,51.6,0.229,0.177,0.164,472
2022-07-08,0,0,0,0,472,471.3,148,125,108,86,58,134.9,106,94.7,85.3,50.4,0.216,0.163,0.121,525
2022-07-09,1,0,0,0,525,474.6,122,91,67,82,41,135,107,96,84.9,51.7,0.214,0.199,0.195,403
2022-07-10,1,0,0,0,403,473.4,101,78,58,75,31,134.4,107,95.4,84.3,52.3,0.169,0.168,0.147,343
2022-07-11,0,0,0,0,343,459.1,139,113,102,81,63,129.9,104,91.7,82,51.6,0.204,0.162,0.164,498
2022-07-12,0,0,0,0,498,462.4,112,90,87,63,52,132,105,92.6,81.7,51.1,0.155,0.145,0.192,404
2022-07-13,0,0,0,0,404,450.9,129,93,86,74,49,127.6,102.7,91,78.3,51.3,0.182,0.172,0.222,431
2022-07-14,0,0,0,0,431,439.4,123,96,71,65,46,124.4,100,88.9,77.6,48.6,0.189,0.184,0.125,401
2022-07-15,0,0,0,0,401,429.3,123,110,79,71,47,124.9,98,82.7,75.1,48.6,0.185,0.208,0.229,430
2022-07-16,1,0,0,0,430,415.7,125,87,81,90,36,121.3,95.9,78.6,73,47,0.187,0.164,0.228,419
2022-07-17,1,0,0,0,419,418,125,91,69,96,33,121.7,95.3,80.6,74.1,46.3,0.152,0.173,0.168,414
2022-07-18,0,0,0,1,414,428.1,132,111,102,79,46,125.1,97.1,82.1,77.1,46.6,0.142,0.173,0.174,470
2022-07-19,0,0,0,0,470,424.1,131,103,96,72,45,124.1,96.9,82.1,76.9,44.1,0.203,0.166,0.145,447
2022-07-20,0,0,0,0,447,430.3,156,123,114,79,55,126.9,98.7,83.4,78.1,43.1,0.205,0.154,0.162,527
2022-07-21,0,0,0,0,527,444,128,101,91,80,45,130.7,103,87.4,78.9,44,0.173,0.205,0.11,445
2022-07-22,0,0,0,0,445,450.3,138,125,99,80,69,131.4,103.7,90.3,81,43.9,0.159,0.172,0.084,511
2022-07-23,1,0,0,1,511,461.9,149,119,100,111,46,133.6,105.9,93.1,82.3,47,0.203,0.192,0.25,525
2022-07-24,1,0,0,0,525,477,151,113,90,97,42,137,110.4,95.9,85.3,48.4,0.184,0.186,0.133,493
2022-07-25,0,0,0,0,493,488.3,125,110,90,82,52,140.7,113.6,98.9,85.4,49.7,0.176,0.137,0.194,459
2022-07-26,0,0,0,0,459,486.7,114,104,93,81,59,139.7,113.4,97.1,85.9,50.6,0.206,0.183,0.134,451
2022-07-27,0,0,0,1,451,487.3,141,117,105,91,64,137.3,113.6,96.7,87.1,52.6,0.232,0.164,0.174,518
2022-07-28,0,0,1,0,518,486,142,123,110,94,64,135.1,112.7,95.4,88.9,53.9,0.194,0.179,0.125,533
2022-07-29,0,0,0,0,533,498.6,127,110,83,68,50,137.1,115.9,98.1,90.9,56.6,0.182,0.16,0.165,438
2022-07-30,1,0,0,0,438,488.1,118,94,69,78,48,135.6,113.7,95.9,89.1,53.9,0.166,0.194,0.156,407
2022-07-31,1,0,0,0,407,471.3,125,102,67,81,39,131.1,110.1,91.4,84.4,54.1,0.18,0.156,0.191,414
2022-08-01,0,0,0,0,414,460,137,98,91,75,76,127.4,108.6,88.1,82.1,53.7,0.188,0.158,0.17,477
2022-08-02,0,0,0,0,477,462.6,128,99,88,73,58,129.1,106.9,88.3,81.1,57.1,0.198,0.168,0.187,446
2022-08-03,0,0,0,0,446,461.9,112,98,86,68,46,131.1,106.1,87.6,80,57,0.19,0.203,0.172,410
2022-08-04,0,0,0,0,410,446.4,114,93,79,64,57,127,103.4,84.9,76.7,54.4,0.176,0.19,0.144,407
2022-08-05,0,0,0,0,407,428.4,99,86,79,63,34,123,99.1,80.4,72.4,53.4,0.166,0.174,0.203,361
2022-08-06,1,0,0,0,361,417.4,105,76,51,69,41,119,95.7,79.9,71.7,51.1,0.174,0.172,0.176,342
2022-08-07,1,0,0,0,342,408.1,108,83,67,64,30,117.1,93.1,77.3,70.4,50.1,0.221,0.155,0.202,352
2022-08-08,0,0,0,0,352,399.3,105,91,80,76,48,114.7,90.4,77.3,68,48.9,0.188,0.178,0.135,400
2022-08-09,0,0,0,1,400,388.3,144,103,104,73,58,110.1,89.4,75.7,68.1,44.9,0.183,0.181,0.114,482
2022-08-10,0,0,0,0,482,393.4,135,130,89,81,54,112.4,90,78,68.1,44.9,0.166,0.188,0.194,489
2022-08-11,0,0,0,1,489,404.7,155,118,98,87,67,115.7,94.6,78.4,70,46,0.195,0.202,0.12,525
2022-08-12,0,0,0,1,525,421.6,159,127,100,102,65,121.6,98.1,81.1,73.3,47.4,0.185,0.208,0.138,553
2022-08-13,1,0,0,1,553,449,158,90,79,122,41,130.1,104,84.1,78.9,51.9,0.225,0.179,0.13,490
2022-08-14,1,0,0,0,490,470.1,110,77,59,79,28,137.7,106,88.1,86.4,51.9,0.153,0.199,0.187,353
2022-08-15,0,0,0,0,353,470.3,126,116,103,77,61,138,105.1,87,88.6,51.6,0.231,0.228,0.151,483
2022-08-16,0,0,0,0,483,482.1,134,95,103,84,62,141,108.7,90.3,88.7,53.4,0.23,0.177,0.185,478
2022-08-17,0,0,0,0,478,481.6,124,115,90,83,57,139.6,107.6,90.1,90.3,54,0.176,0.182,0.143,469
2022-08-18,0,0,0,1,469,478.7,133,114,99,76,62,138,105.4,90.3,90.6,54.4,0.201,0.195,0.182,484
2022-08-19,0,0,0,0,484,472.9,132,102,96,86,49,134.9,104.9,90.4,89,53.7,0.209,0.169,0.168,465
2022-08-20,1,0,0,0,465,460.3,123,96,65,99,37,131,101.3,89.9,86.7,51.4,0.23,0.186,0.215,420
2022-08-21,1,0,0,0,420,450.3,117,78,62,76,34,126,102.1,87.9,83.4,50.9,0.228,0.163,0.168,367
2022-08-22,0,0,0,0,367,452.3,124,108,88,90,59,127,102.3,88.3,83,51.7,0.161,0.179,0.181,469
2022-08-23,0,0,0,0,469,450.3,124,95,83,69,55,126.7,101.1,86.1,84.9,51.4,0.189,0.179,0.188,426
2022-08-24,0,0,0,0,426,442.9,119,98,101,77,47,125.3,101.1,83.3,82.7,50.4,0.209,0.202,0.168,442
2022-08-25,0,0,0,0,442,439,127,100,85,79,52,124.6,98.7,84.9,81.9,49,0.176,0.168,0.174,443
2022-08-26,0,0,0,0,443,433.1,119,103,102,80,46,123.7,96.7,82.9,82.3,47.6,0.174,0.2,0.148,450
2022-08-27,1,0,0,0,450,431,112,78,70,85,26,121.9,96.9,83.7,81.4,47.1,0.163,0.175,0.139,371
2022-08-28,1,0,0,1,371,424,127,95,70,82,36,120.3,94.3,84.4,79.4,45.6,0.173,0.204,0.236,410
2022-08-29,0,0,0,0,410,430.1,123,111,96,89,50,121.7,96.7,85.6,80.3,45.9,0.192,0.201,0.176,469
2022-08-30,0,0,0,0,469,430.1,115,104,85,69,56,121.6,97.1,86.7,80.1,44.6,0.228,0.189,0.157,429
2022-08-31,0,0,0,0,429,430.6,116,96,83,66,58,120.3,98.4,87,80.1,44.7,0.212,0.184,0.211,419
2022-09-01,0,0,0,1,419,427.3,119,110,82,74,63,119.9,98.1,84.4,78.6,46.3,0.158,0.146,0.161,448
2022-09-02,0,1,0,0,448,428,107,85,73,58,47,118.7,99.6,84,77.9,47.9,0.205,0.197,0.174,370
2022-09-03,1,0,0,0,370,416.6,109,91,66,73,25,117,97,79.9,74.7,48,0.191,0.207,0.171,364
2022-09-04,1,0,0,0,364,415.6,99,76,57,65,41,116.6,98.9,79.3,73,47.9,0.201,0.159,0.197,338
2022-09-05,0,0,0,0,338,405.3,109,104,86,69,50,112.6,96.1,77.4,70.6,48.6,0.25,0.198,0.208,418
2022-09-06,0,0,0,0,418,398,122,92,92,60,51,110.6,95.1,76,67.7,48.6,0.192,0.203,0.199,417
2022-09-07,0,0,1,0,417,396.3,139,104,106,70,49,111.6,93.4,77,66.4,47.9,0.215,0.179,0.16,468
2022-09-08,0,0,0,0,468,403.3,118,101,78,64,42,114.9,94.6,80.3,67,46.6,0.225,0.186,0.211,403
2022-09-09,0,0,0,0,403,396.9,112,91,77,68,51,114.7,93.3,79.7,65.6,43.6,0.182,0.172,0.156,399
2022-09-10,1,0,0,0,399,401,95,77,63,65,23,115.4,94.1,80.3,67,44.1,0.145,0.168,0.221,323
2022-09-11,1,0,0,0,323,395.1,90,66,56,70,23,113.4,92.1,79.9,65.9,43.9,0.218,0.213,0.213,305
2022-09-12,0,0,0,0,305,390.4,90,82,71,60,52,112.1,90.7,79.7,66.6,41.3,0.256,0.177,0.176,355
2022-09-13,0,0,0,0,355,381.4,112,90,76,70,56,109.4,87.6,77.6,65.3,41.6,0.168,0.156,0.159,404
2022-09-14,0,0,0,0,404,379.6,104,90,66,59,51,108,87.3,75.3,66.7,42.3,0.197,0.159,0.255,370
2022-09-15,0,1,0,0,370,365.6,103,96,74,66,43,103,85.3,69.6,65.1,42.6,0.222,0.151,0.163,382
2022-09-16,0,1,0,0,382,362.6,103,80,76,68,51,100.9,84.6,69,65.4,42.7,0.183,0.177,0.16,378
2022-09-17,1,0,0,0,378,359.6,91,78,53,61,26,99.6,83,68.9,65.4,42.7,0.192,0.157,0.146,309
2022-09-18,1,0,0,1,309,357.6,103,77,54,67,34,99,83.1,67.4,64.9,43.1,0.188,0.153,0.207,335
2022-09-19,0,0,0,0,335,361.9,111,82,66,58,51,100.9,84.7,67.1,64.4,44.7,0.158,0.182,0.125,368
2022-09-20,0,0,0,0,368,363.7,97,78,63,58,33,103.9,84.7,66.4,64.1,44.6,0.233,0.175,0.179,329
2022-09-21,0,1,0,0,329,353,93,81,83,63,45,101.7,83,64.6,62.4,41.3,0.214,0.212,0.123,365
2022-09-22,0,0,0,0,365,352.3,125,91,83,68,35,100.1,81.7,67,63,40.4,0.263,0.158,0.122,402
2022-09-23,0,0,0,0,402,355.1,97,87,82,58,47,103.3,81,68.3,63.3,39.3,0.173,0.165,0.213,371
2022-09-24,1,0,0,0,371,354.1,91,71,48,61,25,102.4,82,69.1,61.9,38.7,0.205,0.167,0.149,296
2022-09-25,1,0,0,0,296,352.3,82,70,47,72,29,102.4,81,68.4,61.9,38.6,0.193,0.176,0.166,300
2022-09-26,0,1,0,0,300,347.3,87,79,74,57,51,99.4,80,67.4,62.6,37.9,0.174,0.198,0.203,348
2022-09-27,0,1,0,0,348,344.4,110,71,78,54,50,96,79.6,68.6,62.4,37.9,0.14,0.167,0.197,363
2022-09-28,0,0,0,0,363,349.3,95,81,76,58,54,97.9,78.6,70.7,61.9,40.3,0.174,0.152,0.252,364
2022-09-29,0,0,0,0,364,349.1,97,72,62,52,47,98.1,78.6,69.7,61.1,41.6,0.171,0.145,0.193,330
2022-09-30,0,0,0,0,330,338.9,96,74,67,63,41,94.1,75.9,66.7,58.9,43.3,0.176,0.185,0.151,341
2022-10-01,1,0,0,0,341,334.6,107,72,58,77,29,94,74,64.6,59.6,42.4,0.208,0.15,0.203,343
2022-10-02,1,0,0,1,343,341.3,109,81,56,65,29,96.3,74.1,66,61.9,43,0.161,0.14,0.114,340
2022-10-03,0,0,0,0,340,347,104,80,77,62,47,100.1,75.7,67.3,60.9,43,0.232,0.166,0.128,370
2022-10-04,0,0,0,0,370,350.1,97,80,66,55,49,102.6,75.9,67.7,61.6,42.4,0.212,0.169,0.189,347
2022-10-05,0,0,0,0,347,347.9,104,85,86,55,36,100.7,77.1,66,61.7,42.3,0.183,0.191,0.24,366
2022-10-06,0,0,0,0,366,348.1,118,105,97,78,45,102,77.7,67.4,61.3,39.7,0.204,0.169,0.25,443
2022-10-07,0,0,0,0,443,364.3,117,88,81,84,56,105,82.4,72.4,65,39.4,0.186,0.172,0.196,426
2022-10-08,1,0,0,0,426,376.4,102,85,70,67,36,108,84.4,74.4,68,41.6,0.178,0.186,0.132,360
2022-10-09,1,0,0,1,360,378.9,112,85,68,71,26,107.3,86.3,76.1,66.6,42.6,0.192,0.167,0.09,362
2022-10-10,0,0,0,0,362,382,126,96,81,70,50,107.7,86.9,77.9,67.4,42.1,0.142,0.166,0.192,423
2022-10-11,0,0,0,0,423,389.6,114,83,75,52,38,110.9,89.1,78.4,68.6,42.6,0.186,0.186,0.204,362
2022-10-12,0,0,1,0,362,391.7,142,104,96,77,64,113.3,89.6,79.7,68.1,41,0.183,0.17,0.202,483
2022-10-13,0,0,0,0,483,408.4,124,105,96,66,48,118.7,92.3,81.1,71.3,45,0.28,0.179,0.141,439
2022-10-14,0,0,0,0,439,407.9,123,114,96,86,47,119.6,92.3,81,69.6,45.4,0.177,0.159,0.172,466
2022-10-15,1,0,0,1,466,413.6,125,105,71,84,40,120.4,96,83.1,69.9,44.1,0.159,0.2,0.203,425
2022-10-16,1,0,0,0,425,422.9,105,87,61,69,37,123.7,98.9,83.3,72.3,44.7,0.191,0.172,0.156,359
2022-10-17,0,0,0,1,359,422.4,145,107,96,80,72,122.7,99.1,82.3,72,46.3,0.163,0.15,0.162,500
2022-10-18,0,0,0,0,500,433.4,143,112,102,85,50,125.4,100.7,84.4,73.4,49.4,0.207,0.175,0.222,492
2022-10-19,0,0,0,1,492,452,150,128,114,91,71,129.6,104.9,88.3,78.1,51.1,0.19,0.177,0.161,554
2022-10-20,0,0,0,0,554,462.1,145,97,112,71,55,130.7,108.3,90.9,80.1,52.1,0.204,0.139,0.171,480
2022-10-21,0,0,1,0,480,468,154,123,97,94,71,133.7,107.1,93.1,80.9,53.1,0.201,0.151,0.2,539
2022-10-22,1,0,0,1,539,478.4,147,105,89,109,34,138.1,108.4,93.3,82,56.6,0.174,0.163,0.184,484
2022-10-23,1,0,0,0,484,486.9,152,87,71,91,33,141.3,108.4,95.9,85.6,55.7,0.216,0.176,0.167,434
2022-10-24,0,0,0,0,434,497.6,125,115,94,83,64,148,108.4,97.3,88.7,55.1,0.203,0.177,0.144,481
2022-10-25,0,0,0,0,481,494.9,150,120,115,76,47,145.1,109.6,97,89.1,54,0.22,0.191,0.186,508
2022-10-26,0,0,0,0,508,497.1,125,105,87,72,52,146.1,110.7,98.9,87.9,53.6,0.183,0.178,0.133,441
2022-10-27,0,0,0,0,441,481,123,94,81,60,52,142.6,107.4,95,85.1,50.9,0.184,0.184,0.198,410
2022-10-28,0,0,0,0,410,471,133,108,88,70,62,139.4,107,90.6,83.6,50.4,0.212,0.174,0.135,461
2022-10-29,1,0,0,0,461,459.9,126,92,68,85,43,136.4,104.9,89.3,80.1,49.1,0.2,0.181,0.138,414
2022-10-30,1,0,0,0,414,449.9,114,84,63,74,35,133.4,103,86.3,76.7,50.4,0.132,0.149,0.211,370
2022-10-31,0,0,0,0,370,440.7,111,92,73,60,39,128,102.6,85.1,74.3,50.7,0.19,0.167,0.137,375
2022-11-01,0,0,0,0,375,425.6,128,95,84,70,60,126,99.3,82.1,71,47.1,0.151,0.16,0.144,437
2022-11-02,0,0,0,0,437,415.4,114,82,87,61,51,122.9,95.7,77.7,70.1,49,0.205,0.173,0.174,395
2022-11-03,0,0,0,0,395,408.9,119,83,84,74,53,121.3,92.4,77.7,68.6,48.9,0.134,0.14,0.193,413
2022-11-04,0,0,0,0,413,409.3,122,99,89,89,55,120.7,90.9,78.1,70.6,49,0.217,0.169,0.149,454
2022-11-05,1,0,0,0,454,408.3,128,103,68,82,36,119.1,89.6,78.3,73.3,48,0.224,0.185,0.116,417
2022-11-06,1,0,0,0,417,408.7,122,89,65,83,28,119.4,91.1,78.3,72.9,47,0.199,0.151,0.205,387
2022-11-07,0,0,0,0,387,411.1,116,93,89,74,53,120.6,91.9,78.6,74.1,46,0.177,0.152,0.133,425
2022-11-08,0,0,0,0,425,418.3,143,122,84,78,47,121.3,92,80.9,76.1,48,0.211,0.196,0.195,474
2022-11-09,0,0,0,0,474,423.6,125,105,78,68,54,123.4,95.9,80.9,77.3,46.1,0.202,0.164,0.152,430
2022-11-10,0,0,0,0,430,428.6,143,106,77,76,63,125,99.1,79.6,78.3,46.6,0.227,0.175,0.209,465
2022-11-11,0,0,0,0,465,436,136,113,95,94,60,128.4,102.4,78.6,78.6,48,0.217,0.196,0.14,498
2022-11-12,1,0,0,0,498,442.3,152,106,83,95,35,130.4,104.4,79.4,79.3,48.7,0.204,0.188,0.141,471
2022-11-13,1,0,0,0,471,450,128,83,76,78,43,133.9,104.9,81.6,81.1,48.6,0.248,0.182,0.177,408
2022-11-14,0,0,0,1,408,453,152,124,129,99,74,134.7,104,83.1,80.4,50.7,0.216,0.14,0.151,578
2022-11-15,0,0,0,0,578,474.9,147,116,86,83,53,139.9,108.4,88.9,84,53.7,0.149,0.187,0.142,485
2022-11-16,0,0,0,0,485,476.4,144,128,101,91,58,140.4,107.6,89.1,84.7,54.6,0.227,0.179,0.217,522
2022-11-17,0,0,0,0,522,489.6,144,113,107,91,57,143.1,110.9,92.4,88,55.1,0.153,0.153,0.179,512
2022-11-18,0,0,0,0,512,496.3,157,114,99,93,46,143.3,111.9,96.7,90.1,54.3,0.185,0.21,0.261,509
2022-11-19,1,0,0,0,509,497.9,112,83,79,71,37,146.3,112,97.3,90,52.3,0.204,0.17,0.175,382
2022-11-20,1,0,0,0,382,485.1,131,104,61,79,34,140.6,108.7,96.7,86.6,52.6,0.214,0.179,0.206,409
2022-11-21,0,0,0,0,409,485.3,125,105,84,65,44,141,111.7,94.6,86.7,51.3,0.194,0.183,0.148,423
2022-11-22,0,0,0,0,423,463.1,148,120,108,70,54,137.1,109,88.1,81.9,47,0.2,0.196,0.193,500
2022-11-23,0,0,0,0,500,465.3,125,113,93,79,42,137.3,109.6,91.3,80,47.1,0.231,0.173,0.109,452
2022-11-24,0,0,0,0,452,455.3,141,108,103,82,47,134.6,107.4,90.1,78.3,44.9,0.193,0.177,0.172,481
2022-11-25,0,0,0,0,481,450.9,108,91,80,70,40,134.1,106.7,89.6,77,43.4,0.158,0.136,0.18,389
2022-11-26,1,0,0,0,389,433.7,115,85,57,79,41,127.1,103.4,86.9,73.7,42.6,0.263,0.162,0.147,377
2022-11-27,1,0,0,0,377,433,115,101,64,74,37,127.6,103.7,83.7,74.9,43.1,0.241,0.185,0.181,391
2022-11-28,0,0,0,0,391,430.4,138,110,95,77,57,125.3,103.3,84.1,74.1,43.6,0.204,0.19,0.151,477
2022-11-29,0,0,0,0,477,438.1,130,102,93,76,50,127.1,104,85.7,75.9,45.4,0.174,0.149,0.228,451
2022-11-30,0,0,0,0,451,431.1,121,96,78,83,48,124.6,101.4,83.6,76.7,44.9,0.215,0.199,0.149,426
2022-12-01,0,0,0,0,426,427.4,133,100,95,82,48,124,99,81.4,77.3,45.7,0.246,0.193,0.135,458
2022-12-02,0,0,0,0,458,424.1,153,123,93,86,66,122.9,97.9,80.3,77.3,45.9,0.226,0.19,0.167,521
2022-12-03,1,0,0,1,521,443,176,126,91,120,57,129.3,102.4,82.1,79.6,49.6,0.197,0.177,0.172,570
2022-12-04,1,0,0,0,570,470.6,154,131,87,108,42,138,108.3,87,85.4,51.9,0.192,0.187,0.201,522
2022-12-05,0,0,0,0,522,489.3,138,122,86,83,62,143.6,112.6,90.3,90.3,52.6,0.192,0.192,0.144,491
2022-12-06,0,0,0,0,491,491.3,137,115,86,73,67,143.6,114.3,89,91.1,53.3,0.235,0.162,0.147,478
2022-12-07,0,0,0,1,478,495.1,177,136,126,110,67,144.6,116.1,88,90.7,55.7,0.176,0.176,0.138,616
2022-12-08,0,0,0,0,616,522.3,181,143,136,101,60,152.6,121.9,94.9,94.6,58.4,0.187,0.178,0.173,621
2022-12-09,0,0,0,0,621,545.6,145,134,106,77,49,159.4,128,100.7,97.3,60.1,0.271,0.174,0.209,511
2022-12-10,1,1,0,0,511,544.1,147,115,79,96,50,158.3,129.6,102.6,96,57.7,0.203,0.144,0.202,487
2022-12-11,1,0,1,1,487,532.3,184,139,86,130,58,154.1,128,100.9,92.6,56.7,0.218,0.146,0.16,597
2022-12-12,0,0,0,0,597,543,153,131,116,98,63,158.4,129.1,100.7,95.7,59,0.152,0.169,0.108,561
2022-12-13,0,0,0,0,561,553,156,127,114,91,83,160.6,130.4,105,97.9,59.1,0.202,0.181,0.19,571
2022-12-14,0,1,1,0,571,566.3,193,151,141,112,87,163.3,132.1,109,100.4,61.4,0.189,0.181,0.258,684
2022-12-15,0,0,0,0,684,576,150,136,125,109,74,165.6,134.3,111.1,100.7,64.3,0.169,0.17,0.199,594
2022-12-16,0,0,0,0,594,572.1,160,120,128,131,75,161.1,133.3,109.6,101.9,66.3,0.211,0.157,0.181,614
2022-12-17,1,0,0,0,614,586.9,124,97,69,76,33,163.3,131.3,112.7,109.6,70,0.225,0.16,0.137,399
2022-12-18,1,0,0,1,399,574.3,163,142,101,110,54,160,128.7,111.3,106.7,67.6,0.16,0.162,0.167,570
2022-12-19,0,0,0,0,570,570.4,181,141,126,115,74,157,129.1,113.4,103.9,67,0.211,0.163,0.142,637
2022-12-20,0,0,0,0,637,581.3,163,133,122,105,63,161,130.6,114.9,106.3,68.6,0.235,0.169,0.142,586
2022-12-21,0,0,0,0,586,583.4,148,140,110,86,62,162,131.4,116,108.3,65.7,0.177,0.189,0.171,546
2022-12-22,0,0,0,0,546,563.7,142,114,106,85,60,155.6,129.9,111.6,104.6,62.1,0.17,0.16,0.126,507
2022-12-23,0,0,1,0,507,551.3,224,179,157,106,74,154.4,126.7,108.9,101.1,60.1,0.211,0.199,0.198,740
2022-12-24,1,0,0,0,740,569.3,171,129,108,129,45,163.6,135.1,113,97.6,60,0.22,0.191,0.236,582
2022-12-25,1,0,0,0,582,595.4,160,129,94,105,61,170.3,139.7,118.6,105.1,61.7,0.17,0.192,0.165,549
2022-12-26,0,0,0,0,549,592.4,178,137,111,95,57,169.9,137.9,117.6,104.4,62.7,0.168,0.187,0.217,578
2022-12-27,0,1,0,0,578,584,168,129,129,99,89,169.4,137.3,115.4,101.6,60.3,0.239,0.177,0.187,614
2022-12-28,0,0,0,0,614,588,192,141,153,119,87,170.1,136.7,116.4,100.7,64,0.192,0.185,0.155,692
2022-12-29,0,0,0,0,692,608.9,175,121,137,93,74,176.4,136.9,122.6,105.4,67.6,0.206,0.152,0.204,600
2022-12-30,0,0,0,0,600,622.1,160,165,126,113,82,181.1,137.9,127,106.6,69.6,0.214,0.213,0.204,646
2022-12-31,1,0,1,0,646,608.7,171,158,113,111,52,172,135.9,122.6,107.6,70.7,0.202,0.17,0.172,605
2023-01-01,1,0,0,0,605,612,119,90,69,91,36,172,140,123.3,105,71.7,0.2,0.164,0.135,405
2023-01-02,0,0,0,0,405,591.4,137,106,84,89,53,166.1,134.4,119.7,103,68.1,0.128,0.137,0.192,469
2023-01-03,0,0,0,0,469,575.9,148,118,110,81,74,160.3,130,115.9,102.1,67.6,0.147,0.154,0.145,531
2023-01-04,0,0,0,0,531,564,130,109,88,66,62,157.4,128.4,113.1,99.6,65.4,0.218,0.173,0.191,455
2023-01-05,0,0,0,0,455,530.1,131,121,102,60,53,148.6,123.9,103.9,92,61.9,0.193,0.181,0.162,467
2023-01-06,0,0,0,0,467,511.1,136,114,96,93,56,142.3,123.9,98.9,87.3,58.9,0.204,0.189,0.16,495
2023-01-07,1,0,0,1,495,489.6,140,108,89,102,54,138.9,116.6,94.6,84.4,55.1,0.235,0.147,0.224,493
2023-01-08,1,0,0,0,493,473.6,100,67,47,62,34,134.4,109.4,91.1,83.1,55.4,0.198,0.178,0.137,310
2023-01-09,0,0,0,0,310,460,113,95,87,65,55,131.7,106.1,88,79,55.1,0.163,0.195,0.175,415
2023-01-10,0,0,0,0,415,452.3,113,99,96,73,61,128.3,104.6,88.4,75.6,55.4,0.173,0.177,0.162,442
2023-01-11,0,0,0,0,442,439.6,118,77,77,65,49,123.3,101.9,86.4,74.4,53.6,0.187,0.172,0.205,386
2023-01-12,0,0,0,0,386,429.7,108,96,73,65,49,121.6,97.3,84.9,74.3,51.7,0.159,0.185,0.176,391
2023-01-13,0,0,0,0,391,418.9,118,93,79,62,51,118.3,93.7,80.7,75,51.1,0.22,0.185,0.173,403
2023-01-14,1,0,0,0,403,405.7,120,82,64,79,30,115.7,90.7,78.3,70.6,50.4,0.216,0.191,0.151,375
2023-01-15,1,0,0,0,375,388.9,101,74,61,68,26,112.9,87,74.7,67.3,47,0.189,0.164,0.152,330
2023-01-16,0,0,0,0,330,391.7,114,92,97,78,44,113,88,76.7,68.1,45.9,0.173,0.175,0.23,425
2023-01-17,0,0,0,0,425,393.1,103,103,76,71,54,113.1,87.6,78.1,70,44.3,0.188,0.18,0.167,407
2023-01-18,0,0,0,0,407,388.1,115,99,85,72,46,111.7,88.1,75.3,69.7,43.3,0.205,0.145,0.175,417
2023-01-19,0,0,0,0,417,392.6,112,85,81,71,61,111.3,91.3,76.4,70.7,42.9,0.168,0.185,0.168,410
2023-01-20,0,0,0,0,410,395.3,96,82,73,52,47,111.9,89.7,77.6,71.6,44.6,0.174,0.204,0.138,350
2023-01-21,1,1,0,1,350,387.7,125,83,70,77,37,108.7,88.1,76.7,70.1,44,0.219,0.178,0.173,392
2023-01-22,1,1,0,0,392,390.1,108,81,58,71,33,109.4,88.3,77.6,69.9,45,0.214,0.162,0.19,351
2023-01-23,0,0,0,0,351,393.1,126,111,83,68,33,110.4,89.3,77.1,70.3,46,0.182,0.165,0.147,421
2023-01-24,0,0,1,0,421,392.6,142,131,98,79,77,112.1,92,75.1,68.9,44.4,0.195,0.182,0.2,527
2023-01-25,0,0,0,0,527,409.7,111,98,95,65,55,117.7,96,78.3,70,47.7,0.219,0.156,0.181,424
2023-01-26,0,0,0,0,424,410.7,119,93,92,64,49,117.1,95.9,79.7,69,49,0.167,0.164,0.146,417
2023-01-27,0,0,0,0,417,411.7,116,91,101,75,40,118.1,97,81.3,68,47.3,0.133,0.154,0.192,423
2023-01-28,1,0,0,0,423,422.1,115,85,71,87,41,121,98.3,85.3,71.3,46.3,0.209,0.189,0.161,399
2023-01-29,1,0,0,0,399,423.1,118,79,61,76,36,119.6,98.6,85.4,72.7,46.9,0.207,0.157,0.189,370
2023-01-30,0,0,0,0,370,425.9,137,105,87,94,53,121,98.3,85.9,73.4,47.3,0.298,0.163,0.144,476
2023-01-31,0,0,0,0,476,433.7,111,90,76,69,44,122.6,97.4,86.4,77.1,50.1,0.219,0.159,0.134,390
2023-02-01,0,0,0,0,390,414.1,125,108,87,75,54,118.1,91.6,83.3,75.7,45.4,0.203,0.193,0.176,449
2023-02-02,0,0,0,0,449,417.7,136,102,96,77,58,120.1,93,82.1,77.1,45.3,0.218,0.181,0.167,469
2023-02-03,0,0,0,0,469,425.1,109,103,95,84,64,122.6,94.3,82.7,79,46.6,0.208,0.181,0.152,455
2023-02-04,1,0,0,1,455,429.7,120,81,86,86,37,121.6,96,81.9,80.3,50,0.212,0.147,0.24,410
2023-02-05,1,0,0,0,410,431.3,117,86,59,70,37,122.3,95.4,84,80.1,49.4,0.155,0.171,0.225,369
2023-02-06,0,0,0,1,369,431.1,157,153,104,95,60,122.1,96.4,83.7,79.3,49.6,0.23,0.152,0.127,569
2023-02-07,0,0,0,1,569,444.4,152,122,123,88,58,125,103.3,86.1,79.4,50.6,0.19,0.175,0.159,543
2023-02-08,0,0,0,1,543,466.3,135,101,99,87,49,130.9,107.9,92.9,82.1,52.6,0.152,0.173,0.179,471
2023-02-09,0,0,0,0,471,469.4,122,90,99,74,51,132.3,106.9,94.6,83.9,51.9,0.198,0.205,0.134,436
2023-02-10,0,0,0,1,436,464.7,151,107,106,80,67,130.3,105.1,95,83.4,50.9,0.211,0.202,0.163,511
2023-02-11,1,0,0,1,511,472.7,146,110,78,118,50,136.3,105.7,96.6,82.9,51.3,0.157,0.162,0.162,502
2023-02-12,1,0,0,1,502,485.9,133,94,75,85,50,140,109.9,95.4,87.4,53.1,0.204,0.194,0.171,437
2023-02-13,0,0,0,1,437,495.6,176,139,124,97,72,142.3,111,97.7,89.6,55,0.222,0.181,0.107,608
2023-02-14,0,0,0,1,608,501.1,164,142,115,111,75,145,109,100.6,89.9,56.7,0.23,0.166,0.173,607
2023-02-15,0,0,0,0,607,510.3,157,127,104,78,57,146.7,111.9,99.4,93.1,59.1,0.204,0.21,0.19,523
2023-02-16,0,0,0,1,523,517.7,145,107,100,82,68,149.9,115.6,100.1,91.9,60.3,0.225,0.196,0.161,502
2023-02-17,0,0,1,1,502,527.1,173,157,124,109,80,153.1,118,100.3,93,62.7,0.206,0.189,0.196,643
2023-02-18,1,0,0,1,643,546,173,129,87,111,51,156.3,125.1,102.9,97.1,64.6,0.196,0.186,0.213,551
2023-02-19,1,0,0,0,551,553,132,108,75,93,41,160.1,127.9,104.1,96.1,64.7,0.167,0.2,0.192,449
2023-02-20,0,0,0,0,449,554.7,117,99,99,72,56,160,129.9,104.1,97.3,63.4,0.194,0.159,0.205,443
2023-02-21,0,0,0,0,443,531.1,145,120,111,97,66,151.6,124.1,100.6,93.7,61.1,0.237,0.175,0.158,539
2023-02-22,0,0,0,1,539,521.4,159,125,111,72,70,148.9,121,100,91.7,59.9,0.18,0.17,0.234,537
2023-02-23,0,0,0,0,537,523.4,145,111,94,71,64,149.1,120.7,101,90.9,61.7,0.218,0.164,0.227,485
2023-02-24,0,0,0,0,485,521,127,123,116,86,62,149.1,121.3,100.1,89.3,61.1,0.179,0.178,0.202,514
2023-02-25,1,0,0,0,514,502.6,132,101,87,93,46,142.6,116.4,99,86,58.6,0.201,0.141,0.193,459
2023-02-26,1,0,0,0,459,489.4,96,74,55,70,29,136.7,112.4,99,83.4,57.9,0.219,0.185,0.164,324
2023-02-27,0,0,0,0,324,471.6,129,94,90,74,56,131.6,107.6,96.1,80.1,56.1,0.204,0.164,0.189,443
2023-02-28,0,0,0,0,443,471.6,127,101,102,69,60,133.3,106.9,94.9,80.4,56.1,0.23,0.165,0.174,459
2023-03-01,0,0,1,1,459,460.1,204,160,124,110,86,130.7,104.1,93.6,76.4,55.3,0.141,0.164,0.173,684
2023-03-02,0,0,0,0,684,481.1,145,133,112,90,86,137.1,109.1,95.4,81.9,57.6,0.168,0.167,0.151,566
2023-03-03,0,0,0,1,566,492.7,182,145,104,106,77,137.1,112.3,98,84.6,60.7,0.171,0.185,0.134,614
2023-03-04,1,0,0,0,614,507,142,119,80,104,35,145,115.4,96.3,87.4,62.9,0.21,0.164,0.186,480
2023-03-05,1,0,0,0,480,510,126,95,63,90,39,146.4,118,95.3,89,61.3,0.203,0.166,0.134,413
2023-03-06,0,0,0,0,413,522.7,134,107,91,99,57,150.7,121,96.4,91.9,62.7,0.158,0.191,0.138,488
2023-03-07,0,0,0,0,488,529.1,158,110,112,91,61,151.4,122.9,96.6,95.4,62.9,0.193,0.17,0.14,532
2023-03-08,0,0,1,0,532,539.6,190,162,139,98,81,155.9,124.1,98,98.6,63,0.218,0.162,0.161,670
2023-03-09,0,0,0,0,670,537.6,147,136,101,99,78,153.9,124.4,100.1,96.9,62.3,0.166,0.169,0.14,561
2023-03-10,0,0,0,1,561,536.9,134,111,88,77,52,154.1,124.9,98.6,98.1,61.1,0.201,0.194,0.173,462
2023-03-11,1,0,0,0,462,515.1,148,106,88,84,42,147.3,120,96.3,94,57.6,0.183,0.182,0.179,468
2023-03-12,1,0,0,0,468,513.4,111,92,72,81,38,148.1,118.1,97.4,91.1,58.6,0.215,0.18,0.138,394
2023-03-13,0,0,0,0,394,510.7,152,131,100,97,57,146,117.7,98.7,89.9,58.4,0.223,0.175,0.261,537
2023-03-14,0,0,1,0,537,517.7,183,133,111,110,86,148.6,121.1,100,89.6,58.4,0.155,0.183,0.169,623
2023-03-15,0,0,0,0,623,530.7,137,121,103,72,41,152.1,124.4,99.9,92.3,62,0.151,0.181,0.21,474
2023-03-16,0,0,0,0,474,502.7,127,118,104,94,56,144.6,118.6,94.7,88.6,56.3,0.212,0.161,0.17,499
2023-03-17,0,0,1,0,499,493.9,196,141,113,116,76,141.7,116,95.1,87.9,53.1,0.137,0.176,0.17,642
2023-03-18,1,0,0,0,642,519.6,133,97,89,107,51,150.6,120.3,98.7,93.4,56.6,0.154,0.196,0.102,477
2023-03-19,1,0,0,0,477,520.9,119,90,77,88,36,148.4,119,98.9,96.7,57.9,0.147,0.158,0.137,410
2023-03-20,0,0,0,1,410,523.1,143,107,101,85,60,149.6,118.7,99.6,97.7,57.6,0.186,0.199,0.228,496
2023-03-21,0,0,0,0,496,517.3,129,110,98,72,59,148.3,115.3,99.7,96,58,0.208,0.155,0.197,468
2023-03-22,0,0,0,0,468,495.1,133,105,98,64,53,140.6,112,97.9,90.6,54.1,0.205,0.207,0.17,453
2023-03-23,0,0,0,0,453,492.1,123,92,85,58,52,140,109.7,97.1,89.4,55.9,0.257,0.189,0.141,410
2023-03-24,0,0,0,0,410,479.4,122,99,102,70,56,139.4,106,94.4,84.3,55.3,0.191,0.192,0.217,449
2023-03-25,1,0,1,0,449,451.9,145,100,81,87,45,128.9,100,92.9,77.7,52.4,0.167,0.199,0.204,458
2023-03-26,1,0,0,0,458,449.1,124,92,70,92,35,130.6,100.4,91.7,74.9,51.6,0.156,0.187,0.212,413
2023-03-27,0,0,0,0,413,449.6,98,84,83,68,41,131.3,100.7,90.7,75.4,51.4,0.219,0.195,0.199,374
2023-03-28,0,0,0,0,374,432.1,116,97,85,75,55,124.9,97.4,88.1,73,48.7,0.169,0.188,0.163,428
2023-03-29,0,0,0,0,428,426.4,119,91,72,60,52,123,95.6,86.3,73.4,48.1,0.148,0.217,0.175,394
2023-03-30,0,0,0,0,394,418,122,93,80,72,59,121,93.6,82.6,72.9,48,0.233,0.142,0.166,426
2023-03-31,0,0,0,1,426,420.3,116,95,87,70,48,120.9,93.7,81.9,74.9,49,0.205,0.17,0.197,416
2023-04-01,1,0,0,0,416,415.6,103,75,57,78,30,120,93.1,79.7,74.9,47.9,0.157,0.17,0.217,343
2023-04-02,1,0,0,0,343,399.1,109,94,71,66,33,114,89.6,76.3,73.6,45.7,0.212,0.151,0.205,373
2023-04-03,0,0,0,1,373,393.4,127,121,101,86,54,111.9,89.9,76.4,69.9,45.4,0.199,0.163,0.214,489
2023-04-04,0,0,0,1,489,409.9,138,115,101,81,65,116,95.1,79,72.4,47.3,0.167,0.197,0.196,500
2023-04-05,0,0,0,0,500,420.1,139,108,91,90,57,119.1,97.7,81.3,73.3,48.7,0.186,0.181,0.17,485
2023-04-06,0,0,0,0,485,433.1,111,87,76,61,44,122,100.1,84,77.6,49.4,0.176,0.147,0.142,379
2023-04-07,0,0,0,0,379,426.4,111,103,88,69,60,120.4,99.3,83.4,76,47.3,0.21,0.195,0.225,431
2023-04-08,1,0,0,0,431,428.6,113,85,54,69,38,119.7,100.4,83.6,75.9,49,0.2,0.172,0.138,359
2023-04-09,1,0,0,0,359,430.9,108,83,58,70,42,121.1,101.9,83.1,74.6,50.1,0.169,0.185,0.207,361
2023-04-10,0,0,0,0,361,429.1,137,122,98,80,42,121,100.3,81.3,75.1,51.4,0.284,0.188,0.17,479
2023-04-11,0,0,0,0,479,427.7,103,84,79,66,55,122.4,100.4,80.9,74.3,49.7,0.198,0.215,0.162,387
2023-04-12,0,0,0,0,387,411.6,127,99,79,56,44,117.4,96,77.7,72.1,48.3,0.17,0.206,0.232,405
2023-04-13,0,0,0,0,405,400.1,99,80,84,66,45,115.7,94.7,76,67.3,46.4,0.189,0.185,0.174,374
2023-04-14,0,0,0,0,374,399.4,118,97,84,74,51,114,93.7,77.1,68,46.6,0.204,0.163,0.134,424
2023-04-15,1,0,0,0,424,398.4,105,93,65,72,39,115,92.9,76.6,68.7,45.3,0.197,0.176,0.193,374
2023-04-16,1,0,0,0,374,400.6,104,74,57,71,33,113.9,94,78.1,69.1,45.4,0.221,0.19,0.143,339
2023-04-17,0,0,0,0,339,397.4,117,93,87,79,60,113.3,92.7,78,69.3,44.1,0.166,0.2,0.171,436
2023-04-18,0,0,0,0,436,391.3,112,100,81,66,48,110.4,88.6,76.4,69.1,46.7,0.194,0.176,0.222,407
2023-04-19,0,0,0,0,407,394.1,119,95,96,79,59,111.7,90.9,76.7,69.1,45.7,0.227,0.169,0.227,448
2023-04-20,0,0,0,0,448,400.3,123,92,84,70,43,110.6,90.3,79.1,72.4,47.9,0.195,0.186,0.219,412
2023-04-21,0,0,1,0,412,405.7,169,150,124,101,67,114,92,79.1,73,47.6,0.223,0.197,0.185,611
2023-04-22,1,0,0,0,611,432.4,129,97,84,93,46,121.3,99.6,84.9,76.9,49.9,0.183,0.157,0.161,449
2023-04-23,1,0,0,1,449,443.1,140,119,82,117,48,124.7,100.1,87.6,79.9,50.9,0.222,0.161,0.215,506
2023-04-24,0,0,0,0,506,467,137,114,102,86,62,129.9,106.6,91.1,86.4,53,0.206,0.158,0.178,501
2023-04-25,0,0,0,0,501,476.3,142,106,86,88,55,132.7,109.6,93.3,87.4,53.3,0.184,0.167,0.159,477
2023-04-26,0,0,1,0,477,486.3,154,150,112,91,70,137,110.4,94,90.6,54.3,0.193,0.175,0.14,577
2023-04-27,0,0,0,0,577,504.7,149,106,99,83,67,142,118.3,96.3,92.3,55.9,0.21,0.193,0.182,504
2023-04-28,0,0,0,0,504,517.9,114,104,95,75,60,145.7,120.3,98.4,94.1,59.3,0.2,0.197,0.194,448
2023-04-29,1,0,0,0,448,494.6,139,93,73,96,40,137.9,113.7,94.3,90.4,58.3,0.183,0.147,0.185,441
2023-04-30,1,0,0,1,441,493.4,127,89,60,88,43,139.3,113.1,92.7,90.9,57.4,0.247,0.164,0.257,407
2023-05-01,0,1,0,0,407,479.3,115,83,82,64,50,137.4,108.9,89.6,86.7,56.7,0.216,0.156,0.214,394
2023-05-02,0,0,0,0,394,464,139,112,95,78,62,134.3,104.4,86.7,83.6,55,0.195,0.17,0.226,486
2023-05-03,0,0,0,0,486,465.3,144,119,101,67,60,133.9,105.3,88,82.1,56,0.177,0.188,0.182,491
2023-05-04,0,0,0,1,491,453,165,127,116,89,77,132.4,100.9,86.4,78.7,54.6,0.202,0.164,0.106,574
2023-05-05,0,0,0,0,574,463,140,110,111,85,69,134.7,103.9,88.9,79.6,56,0.17,0.177,0.145,515
2023-05-06,1,0,1,0,515,472.6,140,118,74,87,43,138.4,104.7,91.1,81,57.3,0.202,0.171,0.212,462
2023-05-07,1,0,1,0,462,475.6,139,105,79,106,28,138.6,108.3,91.3,79.7,57.7,0.191,0.161,0.196,457
2023-05-08,0,0,0,0,457,482.7,126,102,95,73,49,140.3,110.6,94,82.3,55.6,0.215,0.142,0.207,445
2023-05-09,0,0,0,0,445,490,139,111,98,75,43,141.9,113.3,95.9,83.6,55.4,0.186,0.16,0.201,466
2023-05-10,0,0,0,0,466,487.1,140,115,104,74,58,141.9,113.1,96.3,83.1,52.7,0.246,0.216,0.154,491
2023-05-11,0,1,0,0,491,487.1,129,113,88,80,58,141.3,112.6,96.7,84.1,52.4,0.19,0.201,0.105,468
2023-05-12,0,0,1,0,468,472,166,131,132,106,64,136.1,110.6,92.7,82.9,49.7,0.178,0.168,0.202,599
2023-05-13,1,0,0,0,599,484,132,103,66,98,40,139.9,113.6,95.7,85.9,49,0.176,0.178,0.199,439
2023-05-14,1,0,0,0,439,480.7,113,84,68,70,35,138.7,111.4,94.6,87.4,48.6,0.179,0.176,0.123,370
2023-05-15,0,0,0,0,370,468.3,131,102,91,75,56,135,108.4,93,82.3,49.6,0.2,0.171,0.19,455
2023-05-16,0,0,1,0,455,469.7,177,144,117,124,90,135.7,108.4,92.4,82.6,50.6,0.21,0.151,0.146,652
2023-05-17,0,0,0,0,652,496.3,162,107,103,82,72,141.1,113.1,95.1,89.6,57.3,0.125,0.181,0.105,526
2023-05-18,0,0,0,0,526,501.3,129,107,93,67,40,144.3,112,95,90.7,59.3,0.201,0.185,0.171,436
2023-05-19,0,0,0,0,436,496.7,125,100,85,70,49,144.3,111.1,95.7,88.9,56.7,0.172,0.181,0.161,429
2023-05-20,1,0,0,0,429,472.4,138,101,71,85,35,138.4,106.7,89,83.7,54.6,0.179,0.137,0.135,430
2023-05-21,1,0,0,0,430,471.1,130,101,65,81,37,139.3,106.4,89.7,81.9,53.9,0.204,0.17,0.214,414
2023-05-22,0,0,1,0,414,477.4,145,128,115,102,77,141.7,108.9,89.3,83.4,54.1,0.229,0.185,0.179,567
2023-05-23,0,0,0,1,567,493.4,151,125,131,95,51,143.7,112.6,92.7,87.3,57.1,0.174,0.153,0.144,553
2023-05-24,0,0,0,0,553,479.3,140,127,106,89,59,140,109.9,94.7,83.1,51.6,0.214,0.193,0.174,521
2023-05-25,0,0,0,0,521,478.6,133,117,95,77,62,136.9,112.7,95.1,84.1,49.7,0.16,0.188,0.16,484
2023-05-26,0,0,0,0,484,485.4,128,106,98,77,65,137.4,114.1,95.4,85.6,52.9,0.206,0.189,0.167,474
2023-05-27,1,0,1,0,474,491.9,157,114,82,104,41,137.9,115,97.3,86.6,55.1,0.179,0.203,0.172,498
2023-05-28,1,0,0,0,498,501.6,125,95,65,92,34,140.6,116.9,98.9,89.3,56,0.245,0.182,0.169,411
2023-05-29,0,0,0,0,411,501.1,181,122,113,107,62,139.9,116,98.9,90.9,55.6,0.211,0.164,0.179,585
2023-05-30,0,0,0,0,585,503.7,128,115,92,78,61,145,115.1,98.6,91.6,53.4,0.228,0.182,0.185,474
2023-05-31,0,0,0,0,474,492.4,123,107,92,82,41,141.7,113.7,93,89.1,54.9,0.235,0.138,0.193,445
2023-06-01,0,0,0,0,445,481.6,147,89,111,82,62,139.3,110.9,91,88.1,52.3,0.183,0.199,0.144,491
2023-06-02,0,0,0,0,491,482.6,130,117,94,84,56,141.3,106.9,93.3,88.9,52.3,0.254,0.192,0.188,481
2023-06-03,1,0,0,0,481,483.6,115,96,71,75,31,141.6,108.4,92.7,89.9,51,0.209,0.149,0.171,388
2023-06-04,1,0,0,0,388,467.9,121,99,81,85,42,135.6,105.9,91.1,85.7,49.6,0.187,0.17,0.131,428
2023-06-05,0,0,0,0,428,470.3,142,100,91,67,63,135,106.4,93.4,84.7,50.7,0.222,0.156,0.243,463
2023-06-06,0,0,0,0,463,452.9,120,82,86,78,52,129.4,103.3,90.3,79,50.9,0.227,0.155,0.153,418
2023-06-07,0,0,0,0,418,444.9,124,118,87,80,47,128.3,98.6,89.4,79,49.6,0.193,0.15,0.13,456
2023-06-08,0,0,1,0,456,446.4,176,126,127,92,78,128.4,100.1,88.7,78.7,50.4,0.227,0.176,0.178,599
2023-06-09,0,0,0,0,599,461.9,128,109,98,78,58,132.6,105.4,91,80.1,52.7,0.174,0.154,0.146,471
2023-06-10,1,0,0,0,471,460.4,121,107,67,82,32,132.3,104.3,91.6,79.3,53,0.185,0.173,0.248,409
2023-06-11,1,0,0,0,409,463.4,101,75,62,61,30,133.1,105.9,91,80.3,53.1,0.211,0.171,0.176,329
2023-06-12,0,0,0,0,329,449.3,130,109,100,84,59,130.3,102.4,88.3,76.9,51.4,0.202,0.164,0.172,482
2023-06-13,0,0,0,0,482,452,144,117,107,80,71,128.6,103.7,89.6,79.3,50.9,0.182,0.148,0.125,519
2023-06-14,0,0,0,0,519,466.4,133,98,92,89,55,132,108.7,92.6,79.6,53.6,0.196,0.215,0.159,467
2023-06-15,0,0,0,1,467,468,166,136,117,78,70,133.3,105.9,93.3,80.9,54.7,0.185,0.147,0.168,567
2023-06-16,0,0,0,0,567,463.4,142,113,99,88,54,131.9,107.3,91.9,78.9,53.6,0.125,0.209,0.087,496
2023-06-17,1,0,0,0,496,467,133,94,90,81,37,133.9,107.9,92,80.3,53,0.178,0.174,0.175,435
2023-06-18,1,0,0,0,435,470.7,135,95,68,105,35,135.6,106,95.3,80.1,53.7,0.224,0.156,0.174,438
2023-06-19,0,0,0,0,438,486.3,127,109,98,73,60,140.4,108.9,96.1,86.4,54.4,0.208,0.17,0.126,467
2023-06-20,0,0,0,0,467,484.1,136,110,85,72,58,140,108.9,95.9,84.9,54.6,0.253,0.178,0.222,461
2023-06-21,0,0,0,0,461,475.9,147,118,100,85,66,138.9,107.9,92.7,83.7,52.7,0.259,0.179,0.167,516
2023-06-22,0,0,0,0,516,482.9,130,105,94,82,53,140.9,110.7,93.9,83.1,54.3,0.218,0.191,0.164,464
2023-06-23,0,0,0,0,464,468.1,161,140,94,95,56,135.7,106.3,90.6,83.7,51.9,0.239,0.146,0.168,546
2023-06-24,1,0,0,0,546,475.3,115,96,70,78,38,138.4,110.1,89.9,84.7,52.1,0.2,0.184,0.216,397
2023-06-25,1,0,1,1,397,469.9,171,133,91,112,47,135.9,110.4,87,84.3,52.3,0.238,0.171,0.147,554
2023-06-26,0,0,0,0,554,486.4,129,92,76,76,56,141,115.9,90.3,85.3,54,0.208,0.199,0.193,429
2023-06-27,0,0,0,0,429,481,151,119,104,77,56,141.3,113.4,87.1,85.7,53.4,0.161,0.181,0.159,507
2023-06-28,0,0,0,0,507,487.6,108,93,89,64,48,143.4,114.7,89.9,86.4,53.1,0.207,0.189,0.178,402
2023-06-29,0,0,0,0,402,471.3,113,82,76,66,50,137.9,111.1,88.3,83.4,50.6,0.189,0.208,0.187,387
2023-06-30,0,0,0,0,387,460.3,132,89,94,84,57,135.4,107.9,85.7,81.1,50.1,0.206,0.205,0.159,456
2023-07-01,1,0,0,0,456,447.4,121,85,52,83,32,131.3,100.6,85.7,79.6,50.3,0.188,0.192,0.132,373
2023-07-02,1,0,0,0,373,444,127,100,71,70,33,132.1,99,83.1,80.3,49.4,0.249,0.171,0.177,401
2023-07-03,0,0,0,0,401,422.1,120,99,82,68,64,125.9,94.3,80.3,74.3,47.4,0.198,0.21,0.156,433
2023-07-04,0,0,0,0,433,422.7,127,94,90,76,56,124.6,95.3,81.1,73.1,48.6,0.211,0.152,0.159,443
2023-07-05,0,0,0,0,443,413.6,136,109,84,64,51,121.1,91.7,79.1,73,48.6,0.166,0.208,0.176,444
2023-07-06,0,0,0,0,444,419.6,137,111,95,79,55,125.1,94,78.4,73,49,0.215,0.178,0.163,477
2023-07-07,0,0,0,0,477,432.4,139,111,112,82,51,128.6,98.1,81.1,74.9,49.7,0.154,0.177,0.169,495
2023-07-08,1,0,0,0,495,438,135,94,71,88,27,129.6,101.3,83.7,74.6,48.9,0.181,0.178,0.181,415
2023-07-09,1,0,0,0,415,444,111,91,68,82,34,131.6,102.6,86.4,75.3,48.1,0.22,0.136,0.162,386
2023-07-10,0,0,0,0,386,441.9,130,104,86,78,61,129.3,101.3,86,77,48.3,0.229,0.196,0.261,459
2023-07-11,0,0,1,0,459,445.6,155,118,116,84,78,130.7,102,86.6,78.4,47.9,0.242,0.182,0.177,551
2023-07-12,0,0,1,0,551,461,174,136,108,92,59,134.7,105.4,90.3,79.6,51,0.202,0.167,0.171,569
2023-07-13,0,0,0,0,569,478.9,128,109,100,84,62,140.1,109.3,93.7,83.6,52.1,0.192,0.2,0.199,483
2023-07-14,0,0,0,0,483,479.7,141,105,93,74,53,138.9,109,94.4,84.3,53.1,0.15,0.177,0.198,466
2023-07-15,1,0,0,0,466,475.6,115,95,75,78,41,139.1,108.1,91.7,83.1,53.4,0.2,0.171,0.187,404
2023-07-16,1,0,0,0,404,474,127,100,67,75,38,136.3,108.3,92.3,81.7,55.4,0.172,0.151,0.129,407
2023-07-17,0,0,0,0,407,477,126,102,104,91,52,138.6,109.6,92.1,80.7,56,0.186,0.195,0.161,475
2023-07-18,0,0,0,0,475,479.3,140,120,107,76,56,138,109.3,94.7,82.6,54.7,0.208,0.193,0.157,499
2023-07-19,0,0,0,0,499,471.9,127,87,86,72,56,135.9,109.6,93.4,81.4,51.6,0.199,0.192,0.156,428
2023-07-20,0,0,0,1,428,451.7,147,121,113,101,76,129.1,102.6,90.3,78.6,51.1,0.181,0.157,0.212,558
2023-07-21,0,0,0,0,558,462.4,126,109,83,77,69,131.9,104.3,92.1,81,53.1,0.159,0.189,0.213,464
2023-07-22,1,0,0,0,464,462.1,133,91,78,79,45,129.7,104.9,90.7,81.4,55.4,0.189,0.122,0.186,426
2023-07-23,1,0,0,0,426,465.3,114,96,71,72,33,132.3,104.3,91.1,81.6,56,0.198,0.204,0.122,386
2023-07-24,0,0,0,0,386,462.3,141,119,107,73,55,130.4,103.7,91.7,81.1,55.3,0.176,0.162,0.161,495
2023-07-25,0,0,0,0,495,465.1,148,121,95,94,59,132.6,106.1,92.1,78.6,55.7,0.188,0.194,0.175,517
2023-07-26,0,0,0,0,517,467.7,111,88,92,75,47,133.7,106.3,90.4,81.1,56.1,0.194,0.164,0.176,413
2023-07-27,0,0,0,0,413,465.6,116,95,89,63,48,131.4,106.4,91.3,81.6,54.9,0.142,0.191,0.215,411
2023-07-28,0,0,0,0,411,444.6,137,116,93,87,56,127,102.7,87.9,76.1,50.9,0.199,0.156,0.168,489
2023-07-29,1,0,0,1,489,448.1,138,127,85,99,41,128.6,103.7,89.3,77.6,49,0.204,0.19,0.208,490
2023-07-30,1,0,0,0,490,457.3,148,98,79,98,38,129.3,108.9,90.3,80.4,48.4,0.208,0.159,0.17,461
2023-07-31,0,0,0,0,461,468,131,116,104,78,51,134.1,109.1,91.4,84.1,49.1,0.166,0.191,0.15,480
2023-08-01,0,0,0,0,480,465.9,125,106,97,81,48,132.7,108.7,91,84.9,48.6,0.206,0.198,0.091,457
2023-08-02,0,0,0,0,457,457.3,134,110,102,91,54,129.4,106.6,91.3,83,47,0.203,0.194,0.19,491
2023-08-03,0,0,0,1,491,468.4,154,113,107,78,58,132.7,109.7,92.7,85.3,48,0.145,0.153,0.193,510
2023-08-04,0,0,0,0,510,482.6,136,115,93,83,62,138.1,112.3,95.3,87.4,49.4,0.204,0.193,0.114,489
2023-08-05,1,0,0,1,489,482.6,148,107,83,101,59,138,112.1,95.3,86.9,50.3,0.23,0.176,0.185,498
2023-08-06,1,0,0,1,498,483.7,132,114,87,106,37,139.4,109.3,95,87.1,52.9,0.204,0.177,0.183,476
2023-08-07,0,0,1,0,476,485.9,181,151,115,92,92,137.1,111.6,96.1,88.3,52.7,0.23,0.183,0.191,631
2023-08-08,0,0,0,0,631,507.4,135,105,85,79,44,144.3,116.6,97.7,90.3,58.6,0.21,0.174,0.179,448
2023-08-09,0,0,0,0,448,506.1,135,108,88,94,51,145.7,116.4,96,90,58,0.174,0.162,0.155,476
2023-08-10,0,0,0,0,476,504,132,99,89,86,67,145.9,116.1,94,90.4,57.6,0.146,0.142,0.236,473
2023-08-11,0,0,0,0,473,498.7,126,119,105,78,58,142.7,114.1,91.4,91.6,58.9,0.214,0.154,0.146,486
2023-08-12,1,0,0,0,486,498.3,115,95,69,73,35,141.3,114.7,93.1,90.9,58.3,0.226,0.184,0.177,387
2023-08-13,1,0,1,1,387,482.4,187,132,94,107,59,136.6,113,91.1,86.9,54.9,0.153,0.194,0.138,579
2023-08-14,0,0,0,0,579,497.1,139,91,110,97,77,144.4,115.6,92.1,87,58,0.186,0.172,0.154,514
2023-08-15,0,0,0,0,514,480.4,122,100,93,70,55,138.4,107,91.4,87.7,55.9,0.252,0.163,0.199,440
2023-08-16,0,0,0,0,440,479.3,129,110,98,72,56,136.6,106.3,92.6,86.4,57.4,0.226,0.143,0.226,465
2023-08-17,0,0,1,0,465,477.7,178,115,105,95,78,135.7,106.6,94,83.3,58.1,0.211,0.172,0.189,571
2023-08-18,0,0,0,0,571,491.7,121,104,89,65,63,142.3,108.9,96.3,84.6,59.7,0.202,0.204,0.116,442
2023-08-19,1,0,0,1,442,485.4,128,103,71,86,40,141.6,106.7,94,82.7,60.4,0.178,0.165,0.215,428
2023-08-20,1,0,0,0,428,491.3,127,92,72,88,51,143.4,107.9,94.3,84.6,61.1,0.162,0.152,0.158,430
2023-08-21,0,0,0,0,430,470,116,101,87,71,47,134.9,102.1,91.1,81.9,60,0.226,0.193,0.16,422
2023-08-22,0,0,0,0,422,456.9,130,116,98,79,58,131.6,103.6,87.9,78.1,55.7,0.229,0.166,0.189,481
2023-08-23,0,0,0,1,481,462.7,145,136,105,79,67,132.7,105.9,88.6,79.4,56.1,0.174,0.199,0.148,532
2023-08-24,0,0,0,1,532,472.3,164,129,106,95,60,135,109.6,89.6,80.4,57.7,0.167,0.189,0.179,554
2023-08-25,0,0,0,1,554,469.9,144,133,100,102,76,133,111.6,89.7,80.4,55.1,0.229,0.186,0.178,555
2023-08-26,1,0,0,0,555,486,119,104,74,92,39,136.3,115.7,91.3,85.7,57,0.196,0.19,0.204,428
2023-08-27,1,0,0,0,428,486,122,96,67,85,31,135,115.9,91.7,86.6,56.9,0.238,0.182,0.206,401
2023-08-28,0,0,0,0,401,481.9,101,86,75,75,46,134.3,116.4,91,86.1,54,0.151,0.176,0.188,383
2023-08-29,0,0,0,0,383,476.3,145,112,99,71,54,132.1,114.3,89.3,86.7,53.9,0.163,0.163,0.148,481
2023-08-30,0,0,0,0,481,476.3,141,109,106,77,59,134.3,113.7,89.4,85.6,53.3,0.239,0.189,0.181,492
2023-08-31,0,0,0,0,492,470.6,129,97,93,69,58,133.7,109.9,89.6,85.3,52.1,0.188,0.179,0.182,446
2023-09-01,0,0,0,0,446,455.1,107,95,78,78,61,128.7,105.3,87.7,81.6,51.9,0.182,0.154,0.203,419
2023-09-02,1,0,0,0,419,435.7,115,88,62,87,29,123.4,99.9,84.6,78.1,49.7,0.204,0.171,0.125,381
2023-09-03,1,0,0,0,381,429,110,89,59,86,37,122.9,97.6,82.9,77.4,48.3,0.17,0.207,0.171,381
2023-09-04,0,0,0,1,381,426.1,137,112,100,70,56,121.1,96.6,81.7,77.6,49.1,0.217,0.18,0.202,475
2023-09-05,0,0,0,0,475,439.3,122,108,78,67,56,126.3,100.3,85.3,76.9,50.6,0.24,0.188,0.179,431
2023-09-06,0,0,0,0,431,432.1,130,104,90,63,61,123,99.7,82.3,76.3,50.9,0.186,0.178,0.174,448
2023-09-07,0,1,0,0,448,425.9,142,116,92,73,66,121.4,99,80,74.3,51.1,0.143,0.159,0.143,489
2023-09-08,0,0,0,1,489,432,135,133,107,85,64,123.3,101.7,79.9,74.9,52.3,0.298,0.182,0.156,524
2023-09-09,1,0,0,0,524,447,113,92,64,77,40,127.3,107.1,84,75.9,52.7,0.163,0.171,0.13,386
2023-09-10,1,0,0,0,386,447.7,89,81,60,62,32,127,107.7,84.3,74.4,54.3,0.165,0.184,0.151,324
2023-09-11,0,0,0,0,324,439.6,113,87,76,79,37,124,106.6,84.4,71,53.6,0.18,0.188,0.113,392
2023-09-12,0,0,0,0,392,427.7,105,103,73,59,47,120.6,103,81,72.3,50.9,0.156,0.156,0.157,387
2023-09-13,0,0,0,0,387,421.4,106,93,75,59,53,118.1,102.3,80.3,71.1,49.6,0.224,0.162,0.192,386
2023-09-14,0,0,0,0,386,412.6,103,81,75,60,39,114.7,100.7,78.1,70.6,48.4,0.22,0.184,0.187,358
2023-09-15,0,0,0,0,358,393.9,97,89,85,72,36,109.1,95.7,75.7,68.7,44.6,0.245,0.165,0.22,379
2023-09-16,1,0,0,0,379,373.1,88,78,56,72,27,103.7,89.4,72.6,66.9,40.6,0.213,0.199,0.237,321
2023-09-17,1,0,0,0,321,363.9,81,62,46,52,24,100.1,87.4,71.4,66.1,38.7,0.157,0.175,0.156,265
2023-09-18,0,0,0,0,265,355.4,117,107,85,65,56,99,84.7,69.4,64.7,37.6,0.168,0.189,0.21,430
2023-09-19,0,0,0,0,430,360.9,105,76,59,62,41,99.6,87.6,70.7,62.7,40.3,0.218,0.188,0.257,343
2023-09-20,0,0,0,1,343,354.6,98,78,69,42,34,99.6,83.7,68.7,63.1,39.4,0.221,0.201,0.205,321
2023-09-21,0,0,0,0,321,345.3,97,82,84,56,44,98.4,81.6,67.9,60.7,36.7,0.215,0.192,0.154,363
2023-09-22,0,0,0,0,363,346,98,81,78,60,44,97.6,81.7,69.1,60.1,37.4,0.187,0.183,0.21,361
2023-09-23,1,0,0,0,361,343.4,82,61,50,67,22,97.7,80.6,68.1,58.4,38.6,0.216,0.18,0.136,282
2023-09-24,1,0,0,0,282,337.9,81,75,48,58,24,96.9,78.1,67.3,57.7,37.9,0.171,0.175,0.105,286
2023-09-25,0,0,0,0,286,340.9,101,79,62,62,47,96.9,80,67.6,58.6,37.9,0.194,0.172,0.214,351
2023-09-26,0,0,0,0,351,329.6,110,83,78,60,53,94.6,76,64.3,58.1,36.6,0.233,0.174,0.209,384
2023-09-27,0,0,0,0,384,335.4,102,81,70,71,46,95.3,77,67,57.9,38.3,0.224,0.2,0.167,370
2023-09-28,0,0,0,0,370,342.4,90,81,65,59,48,95.9,77.4,67.1,62,40,0.204,0.174,0.211,343
2023-09-29,0,0,0,0,343,339.6,89,82,71,59,47,94.9,77.3,64.4,62.4,40.6,0.234,0.136,0.181,348
2023-09-30,1,0,0,0,348,337.7,107,79,55,68,27,93.6,77.4,63.4,62.3,41,0.218,0.16,0.227,336
2023-10-01,1,0,0,0,336,345.4,91,80,63,81,28,97.1,80,64.1,62.4,41.7,0.207,0.165,0.167,343
2023-10-02,0,0,1,0,343,353.6,125,115,96,72,59,98.6,80.7,66.3,65.7,42.3,0.144,0.184,0.196,467
2023-10-03,0,0,0,0,467,370.1,132,103,85,61,56,102,85.9,71.1,67.1,44,0.173,0.185,0.199,437
2023-10-04,0,0,0,1,437,377.7,130,113,99,89,59,105.1,88.7,72.1,67.3,44.4,0.167,0.179,0.229,490
2023-10-05,0,0,0,0,490,394.9,95,70,61,57,47,109.1,93.3,76.3,69.9,46.3,0.233,0.159,0.22,330
2023-10-06,0,0,0,0,330,393,138,111,92,83,47,109.9,91.7,75.7,69.6,46.1,0.195,0.202,0.124,471
2023-10-07,1,0,0,0,471,410.6,108,78,64,78,32,116.9,95.9,78.7,73,46.1,0.185,0.168,0.148,360
2023-10-08,1,0,0,0,360,414,111,78,68,70,34,117,95.7,80,74.4,46.9,0.161,0.209,0.165,361
2023-10-09,0,0,0,0,361,416.6,112,82,75,59,46,119.9,95.4,80.7,72.9,47.7,0.18,0.172,0.206,374
2023-10-10,0,0,0,0,374,403.3,129,99,87,70,50,118,90.7,77.7,71,45.9,0.209,0.185,0.225,435
2023-10-11,0,0,0,1,435,403,122,105,98,64,61,117.6,90.1,78,72.3,45,0.184,0.184,0.187,450
2023-10-12,0,0,0,0,450,397.3,110,109,80,72,58,116.4,89,77.9,68.7,45.3,0.215,0.153,0.168,429
2023-10-13,0,0,0,0,429,411.4,107,86,78,68,57,118.6,94.6,80.6,70.9,46.9,0.125,0.205,0.17,396
2023-10-14,1,0,0,0,396,400.7,87,62,56,65,29,114.1,91,78.6,68.7,48.3,0.225,0.173,0.226,299
2023-10-15,1,0,0,0,299,392,92,74,57,61,26,111.1,88.7,77.4,66.9,47.9,0.23,0.18,0.2,310
2023-10-16,0,0,0,1,310,384.7,114,100,97,67,42,108.4,88.1,75.9,65.6,46.7,0.222,0.16,0.221,420
2023-10-17,0,0,0,0,420,391.3,130,92,76,59,45,108.7,90.7,79,66.7,46.1,0.152,0.2,0.187,402
2023-10-18,0,0,0,0,402,386.6,126,97,84,64,46,108.9,89.7,77.4,65.1,45.4,0.217,0.168,0.141,417
2023-10-19,0,0,1,0,417,381.9,130,112,104,74,62,109.4,88.6,75.4,65.1,43.3,0.157,0.169,0.237,482
2023-10-20,0,0,0,0,482,389.4,128,101,89,79,67,112.3,89,78.9,65.4,43.9,0.258,0.179,0.139,464
2023-10-21,1,0,0,0,464,399.1,124,91,70,81,45,115.3,91.1,80.4,67,45.3,0.211,0.161,0.191,411
2023-10-22,1,0,0,0,411,415.1,110,72,64,77,29,120.6,95.3,82.4,69.3,47.6,0.2,0.174,0.169,352
2023-10-23,0,0,0,0,352,421.1,121,106,88,80,57,123.1,95,83.4,71.6,48,0.206,0.181,0.233,452
2023-10-24,0,0,1,0,452,425.7,127,109,99,81,57,124.1,95.9,82.1,73.4,50.1,0.201,0.197,0.199,473
2023-10-25,0,0,0,0,473,435.9,131,92,88,65,59,123.7,98.3,85.4,76.6,51.9,0.18,0.161,0.186,435
2023-10-26,0,0,0,1,435,438.4,128,107,95,66,53,124.4,97.6,86,76.7,53.7,0.213,0.156,0.159,449
2023-10-27,0,0,0,1,449,433.7,173,125,110,99,71,124.1,96.9,84.7,75.6,52.4,0.228,0.167,0.192,578
2023-10-28,1,0,0,0,578,450,121,97,90,94,41,130.6,100.3,87.7,78.4,53,0.207,0.183,0.185,443
2023-10-29,1,0,0,0,443,454.6,96,83,67,61,30,130.1,101.1,90.6,80.3,52.4,0.171,0.179,0.179,337
2023-10-30,0,0,0,0,337,452.4,121,103,98,73,52,128.1,102.7,91,78,52.6,0.174,0.152,0.2,447
2023-10-31,0,0,1,0,447,451.7,160,135,128,99,69,128.1,102.3,92.4,77,51.9,0.184,0.179,0.178,591
2023-11-01,0,0,0,0,591,468.6,126,113,86,76,50,132.9,106,96.6,79.6,53.6,0.184,0.173,0.159,451
2023-11-02,0,0,0,0,451,470.9,127,102,100,84,56,132.1,109,96.3,81.1,52.3,0.201,0.197,0.205,469
2023-11-03,0,0,0,0,469,473.7,155,123,116,95,67,132,108.3,97,83.7,52.7,0.219,0.188,0.149,556
2023-11-04,1,0,0,0,556,470.6,137,105,80,90,45,129.4,108,97.9,83.1,52.1,0.165,0.152,0.186,457
2023-11-05,1,0,0,0,457,472.6,130,110,67,100,41,131.7,109.1,96.4,82.6,52.7,0.166,0.184,0.137,448
2023-11-06,0,0,0,1,448,488.4,195,136,143,103,69,136.6,113,96.4,88.1,54.3,0.191,0.203,0.168,646
2023-11-07,0,0,0,0,646,516.9,177,159,113,89,76,147.1,117.7,102.9,92.4,56.7,0.234,0.175,0.154,614
2023-11-08,0,0,0,0,614,520.1,151,131,107,96,55,149.6,121.1,100.7,91,57.7,0.214,0.174,0.195,540
2023-11-09,0,0,0,0,540,532.9,142,106,114,77,52,153.1,123.7,103.7,93.9,58.4,0.17,0.187,0.209,491
2023-11-10,0,0,0,0,491,536,140,106,103,79,50,155.3,124.3,105.7,92.9,57.9,0.182,0.199,0.181,478
2023-11-11,1,0,0,1,478,524.9,152,120,105,108,47,153.1,121.9,103.9,90.6,55.4,0.235,0.147,0.15,532
2023-11-12,1,0,0,0,532,535.6,129,117,83,94,45,155.3,124,107.4,93.1,55.7,0.18,0.186,0.206,468
2023-11-13,0,0,0,0,468,538.4,146,127,103,91,55,155.1,125,109.7,92.3,56.3,0.203,0.179,0.179,522
2023-11-14,0,0,0,0,522,520.7,144,126,103,100,61,148.1,123.7,104,90.6,54.3,0.235,0.173,0.158,534
2023-11-15,0,0,0,0,534,509.3,169,130,115,76,69,143.4,119,102.6,92.1,52.1,0.163,0.149,0.177,559
2023-11-16,0,0,0,0,559,512,128,103,88,84,64,146,118.9,103.7,89.3,54.1,0.213,0.156,0.154,467
2023-11-17,0,0,0,0,467,508.6,129,111,93,81,65,144,118.4,100,90.3,55.9,0.183,0.167,0.205,479
2023-11-18,1,0,0,0,479,508.7,137,103,87,95,42,142.4,119.1,98.6,90.6,58,0.131,0.161,0.165,464
2023-11-19,1,0,0,1,464,499,145,108,76,90,41,140.3,116.7,96,88.7,57.3,0.201,0.164,0.141,460
2023-11-20,0,0,0,0,460,497.9,133,132,105,80,64,142.6,115.4,95,88.1,56.7,0.215,0.199,0.185,514
2023-11-21,0,0,0,0,514,496.7,134,117,115,71,68,140.7,116.1,95.3,86.6,58,0.159,0.18,0.209,505
2023-11-22,0,0,0,0,505,492.6,124,103,88,72,53,139.3,114.9,97,82.4,59,0.201,0.191,0.184,440
2023-11-23,0,0,0,0,440,475.6,131,107,102,77,63,132.9,111,93.1,81.9,56.7,0.268,0.184,0.113,480
2023-11-24,0,0,0,0,480,477.4,143,112,112,79,53,133.3,111.6,95.1,80.9,56.6,0.214,0.184,0.184,499
2023-11-25,1,0,0,1,499,480.3,143,136,91,111,53,135.3,111.7,97.9,80.6,54.9,0.184,0.137,0.248,534
2023-11-26,1,0,0,1,534,490.3,138,117,73,92,38,136.1,116.4,98.4,82.9,56.4,0.209,0.18,0.159,458
2023-11-27,0,0,0,0,458,490,134,116,107,60,67,135.1,117.7,98,83.1,56,0.167,0.179,0.184,484
2023-11-28,0,0,0,0,484,485.7,136,113,112,99,60,135.3,115.4,98.3,80.3,56.4,0.174,0.191,0.208,520
2023-11-29,0,0,0,0,520,487.9,159,137,108,85,57,135.6,114.9,97.9,84.3,55.3,0.214,0.195,0.191,546
2023-11-30,0,0,0,1,546,503,159,152,118,103,77,140.6,119.7,100.7,86.1,55.9,0.231,0.18,0.206,609
2023-12-01,0,0,0,0,609,521.4,120,120,81,81,61,144.6,126.1,103,89.9,57.9,0.166,0.179,0.232,463
2023-12-02,1,0,0,0,463,516.3,151,117,90,99,61,141.3,127.3,98.6,90.1,59,0.227,0.167,0.193,518
2023-12-03,1,1,0,0,518,514,119,93,65,83,26,142.4,124.6,98.4,88.4,60.1,0.243,0.142,0.161,386
2023-12-04,0,0,0,0,386,503.7,125,91,92,76,49,139.7,121.1,97.3,87.1,58.4,0.157,0.144,0.162,433
2023-12-05,0,0,0,0,433,496.4,115,106,87,56,60,138.4,117.6,95.1,89.4,55.9,0.221,0.194,0.149,424
2023-12-06,0,0,0,0,424,482.7,112,97,81,75,46,135.4,116.6,91.6,83.3,55.9,0.152,0.195,0.213,411
2023-12-07,0,0,1,0,411,463.4,181,128,142,88,74,128.7,110.9,87.7,81.9,54.3,0.198,0.177,0.173,613
2023-12-08,0,0,0,0,613,464,151,127,110,92,48,131.9,107.4,91.1,79.7,53.9,0.214,0.192,0.132,528
2023-12-09,1,0,0,0,528,473.3,158,110,95,108,45,136.3,108.4,95.3,81.3,52,0.196,0.21,0.15,516
2023-12-10,1,0,0,0,516,473,162,111,85,104,34,137.3,107.4,96,82.6,49.7,0.161,0.199,0.167,496
2023-12-11,0,0,0,0,496,488.7,159,123,122,90,57,143.4,110,98.9,85.6,50.9,0.16,0.162,0.178,551
2023-12-12,0,0,0,0,551,505.6,158,128,110,97,68,148.3,114.6,103.1,87.6,52,0.201,0.158,0.171,561
2023-12-13,0,0,0,0,561,525.1,138,113,107,91,62,154.4,117.7,106.4,93.4,53.1,0.174,0.201,0.176,511
2023-12-14,0,0,0,0,511,539.4,153,126,124,91,65,158.1,120,110.1,95.7,55.4,0.193,0.175,0.249,559
2023-12-15,0,0,0,0,559,531.7,147,110,111,92,62,154.1,119.7,107.6,96.1,54.1,0.202,0.161,0.141,522
2023-12-16,1,0,0,0,522,530.9,135,121,79,115,43,153.6,117.3,107.7,96.1,56.1,0.207,0.178,0.168,493
2023-12-17,1,0,0,0,493,527.6,148,112,76,84,44,150.3,118.9,105.4,97.1,55.9,0.195,0.195,0.199,464
2023-12-18,0,0,0,1,464,523,162,120,124,89,59,148.3,119,104.1,94.3,57.3,0.181,0.163,0.159,554
2023-12-19,0,0,0,0,554,523.4,180,129,121,92,73,148.7,118.6,104.4,94.1,57.6,0.191,0.209,0.134,595
2023-12-20,0,0,0,0,595,528.3,178,136,115,91,78,151.9,118.7,106,93.4,58.3,0.216,0.172,0.261,598
2023-12-21,0,0,0,0,598,540.7,173,141,118,92,76,157.6,122,107.1,93.4,60.6,0.163,0.172,0.2,600
2023-12-22,0,0,1,0,600,546.6,227,174,145,118,75,160.4,124.1,106.3,93.6,62.1,0.171,0.176,0.118,739
2023-12-23,1,0,0,0,739,577.6,203,137,109,124,44,171.9,133.3,111.1,97.3,64,0.199,0.18,0.188,617
2023-12-24,1,0,0,0,617,595.3,180,141,105,120,48,181.6,135.6,115.4,98.6,64.1,0.166,0.197,0.158,594
2023-12-25,0,0,0,0,594,613.9,149,134,121,93,66,186.1,139.7,119.6,103.7,64.7,0.173,0.226,0.21,563
2023-12-26,0,0,0,0,563,615.1,129,109,97,90,63,184.3,141.7,119.1,104.3,65.7,0.224,0.159,0.209,488
2023-12-27,0,0,0,0,488,599.9,183,158,126,94,82,177,138.9,115.7,104,64.3,0.243,0.189,0.22,643
2023-12-28,0,0,1,1,643,606.3,243,212,162,149,127,177.7,142,117.3,104.4,64.9,0.147,0.147,0.145,893
2023-12-29,0,0,0,0,893,648.1,185,148,124,125,84,187.7,152.1,123.6,112.6,72.1,0.187,0.213,0.225,666
2023-12-30,1,0,0,1,666,637.7,179,135,107,126,58,181.7,148.4,120.6,113.6,73.4,0.252,0.151,0.158,605
2023-12-31,1,0,0,0,605,636,135,93,71,91,45,178.3,148.1,120.3,113.9,75.4,0.157,0.164,0.232,435
2024-01-01,0,0,0,0,435,613.3,135,116,81,76,62,171.9,141.3,115.4,109.7,75,0.227,0.171,0.203,470
2024-01-02,0,0,0,0,470,600,117,98,84,81,60,169.9,138.7,109.7,107.3,74.4,0.17,0.191,0.171,440
2024-01-03,0,0,0,0,440,593.1,139,122,120,108,54,168.1,137.1,107.9,106,74,0.191,0.176,0.229,543
2024-01-04,0,0,0,1,543,578.9,122,112,93,63,59,161.9,132,107,108,70,0.201,0.177,0.178,449
2024-01-05,0,0,0,1,449,515.4,147,124,92,99,66,144.6,117.7,97.1,95.7,60.3,0.245,0.188,0.261,528
2024-01-06,1,0,0,0,528,495.7,158,120,85,101,46,139.1,114.3,92.6,92,57.7,0.202,0.194,0.166,510
2024-01-07,1,0,0,0,510,482.1,110,83,65,78,38,136.1,112.1,89.4,88.4,56,0.168,0.167,0.156,374
2024-01-08,0,0,0,0,374,473.4,111,99,89,79,50,132.6,110.7,88.6,86.6,55,0.13,0.181,0.167,428
2024-01-09,0,0,0,0,428,467.4,115,98,79,69,51,129.1,108.3,89.7,87,53.3,0.205,0.181,0.173,412
2024-01-10,0,0,0,0,412,463.4,125,96,71,61,55,128.9,108.3,89,85.3,52,0.18,0.179,0.142,408
2024-01-11,0,0,0,0,408,444.1,121,107,84,66,55,126.9,104.6,82,78.6,52.1,0.217,0.175,0.194,433
2024-01-12,0,0,0,0,433,441.9,135,95,93,83,46,126.7,103.9,80.7,79,51.6,0.171,0.173,0.198,452
2024-01-13,1,0,0,0,452,431,108,83,73,76,24,125,99.7,80.9,76.7,48.7,0.205,0.179,0.124,364
2024-01-14,1,0,0,0,364,410.1,112,82,57,72,31,117.9,94.4,79.1,73.1,45.6,0.182,0.2,0.217,354
2024-01-15,0,0,0,0,354,407.3,98,83,83,65,50,118.1,94.3,78,72.3,44.6,0.241,0.177,0.221,379
2024-01-16,0,1,0,0,379,400.3,123,84,80,66,64,116.3,92,77.1,70.3,44.6,0.236,0.173,0.208,417
2024-01-17,0,0,0,0,417,401,101,78,72,64,41,117.4,90,77.3,69.9,46.4,0.178,0.206,0.193,356
2024-01-18,0,0,0,0,356,393.6,116,89,93,61,57,114,87.4,77.4,70.3,44.4,0.26,0.189,0.162,416
2024-01-19,0,1,0,0,416,391.1,111,104,87,70,38,113.3,84.9,78.7,69.6,44.7,0.196,0.154,0.215,410
2024-01-20,1,0,0,0,410,385.1,119,88,66,83,25,109.9,86.1,77.9,67.7,43.6,0.188,0.198,0.168,381
2024-01-21,1,0,0,0,381,387.6,95,80,74,65,37,111.4,86.9,76.9,68.7,43.7,0.142,0.166,0.148,351
2024-01-22,0,0,0,0,351,387.1,91,79,71,60,42,109,86.6,79.3,67.7,44.6,0.138,0.19,0.196,343
2024-01-23,0,0,0,0,343,382,115,92,86,66,41,108,86,77.6,67,43.4,0.183,0.192,0.144,400
2024-01-24,0,1,0,0,400,379.6,113,89,72,83,53,106.9,87.1,78.4,67,40.1,0.223,0.173,0.148,410
2024-01-25,0,0,0,0,410,387.3,127,104,98,76,56,108.6,88.7,78.4,69.7,41.9,0.182,0.159,0.195,461
2024-01-26,0,0,1,0,461,393.7,147,136,121,94,88,110.1,90.9,79.1,71.9,41.7,0.187,0.164,0.122,586
2024-01-27,1,0,0,0,586,418.9,131,98,60,100,43,115.3,95.4,84,75.3,48.9,0.201,0.171,0.23,432
2024-01-28,1,0,0,0,432,426.1,103,83,54,68,38,117,96.9,83.1,77.7,51.4,0.2,0.165,0.137,346
2024-01-29,0,0,0,0,346,425.4,117,82,85,59,50,118.1,97.3,80.3,78.1,51.6,0.201,0.204,0.172,393
2024-01-30,0,1,0,0,393,432.6,128,100,92,82,45,121.9,97.7,82.3,78,52.7,0.223,0.169,0.208,447
2024-01-31,0,0,0,0,447,439.3,157,99,102,84,62,123.7,98.9,83.1,80.3,53.3,0.204,0.184,0.198,504
2024-02-01,0,0,0,0,504,452.7,133,102,107,77,69,130,100.3,87.4,80.4,54.6,0.164,0.199,0.197,488
2024-02-02,0,0,0,0,488,456.6,163,131,120,99,71,130.9,100,88.7,80.6,56.4,0.225,0.194,0.261,584
2024-02-03,1,0,0,0,584,456.3,128,108,71,83,42,133.1,99.3,88.6,81.3,54,0.188,0.198,0.226,432
2024-02-04,1,0,0,0,432,456.3,123,94,81,75,34,132.7,100.7,90.1,78.9,53.9,0.213,0.163,0.2,407
2024-02-05,0,0,1,0,407,465,172,135,123,103,81,135.6,102.3,94,79.9,53.3,0.205,0.152,0.154,614
2024-02-06,0,0,0,0,614,496.6,133,97,103,94,59,143.4,109.9,99.4,86.1,57.7,0.195,0.183,0.156,486
2024-02-07,0,0,0,0,486,502.1,121,122,109,83,60,144.1,109.4,101,87.9,59.7,0.178,0.193,0.148,495
2024-02-08,0,0,0,0,495,500.9,122,90,83,62,51,139,112.7,102,87.7,59.4,0.17,0.175,0.178,408
2024-02-09,0,0,0,1,408,489.4,164,150,109,99,72,137.4,111,98.6,85.6,56.9,0.176,0.211,0.215,594
2024-02-10,1,0,0,0,594,490.9,144,104,79,88,37,137.6,113.7,97,85.6,57,0.152,0.185,0.203,452
2024-02-11,1,0,0,0,452,493.7,124,97,63,84,38,139.9,113.1,98.1,86.3,56.3,0.164,0.137,0.146,406
2024-02-12,0,0,0,0,406,493.6,135,113,95,88,70,140,113.6,95.6,87.6,56.9,0.21,0.2,0.192,501
2024-02-13,0,0,0,0,501,477.4,140,119,102,90,55,134.7,110.4,91.6,85.4,55.3,0.206,0.169,0.133,506
2024-02-14,0,0,0,1,506,480.3,149,119,102,84,64,135.7,113.6,91.4,84.9,54.7,0.217,0.189,0.148,518
2024-02-15,0,0,0,0,518,483.6,145,107,96,70,57,139.7,113.1,90.4,85,55.3,0.169,0.173,0.159,475
2024-02-16,0,0,0,1,475,493.1,141,124,110,82,54,143,115.6,92.3,86.1,56.1,0.186,0.163,0.221,511
2024-02-17,1,0,0,0,511,481.3,129,94,65,89,28,139.7,111.9,92.4,83.7,53.6,0.185,0.17,0.163,405
2024-02-18,1,0,0,0,405,474.6,122,89,73,70,32,137.6,110.4,90.4,83.9,52.3,0.186,0.17,0.211,386
2024-02-19,0,0,0,0,386,471.7,128,88,89,74,46,137.3,109.3,91.9,81.9,51.4,0.2,0.176,0.22,425
2024-02-20,0,0,0,0,425,460.9,138,109,98,75,46,136.3,105.7,91,79.9,48,0.203,0.192,0.151,466
2024-02-21,0,0,0,0,466,455.1,124,114,82,71,77,136,104.3,90.4,77.7,46.7,0.236,0.158,0.15,468
2024-02-22,0,0,0,0,468,448,124,102,87,73,63,132.4,103.6,87.6,75.9,48.6,0.218,0.175,0.224,449
2024-02-23,0,0,0,1,449,444.3,177,135,133,96,64,129.4,102.9,86.3,76.3,49.4,0.209,0.156,0.143,605
2024-02-24,1,0,0,0,605,457.7,128,96,74,85,39,134.6,104.4,89.6,78.3,50.9,0.195,0.179,0.137,422
2024-02-25,1,0,0,0,422,460.1,121,79,61,85,40,134.4,104.7,90.9,77.7,52.4,0.181,0.157,0.152,386
2024-02-26,0,0,0,0,386,460.1,121,98,85,85,47,134.3,103.3,89.1,79.9,53.6,0.14,0.166,0.181,436
2024-02-27,0,0,0,1,436,461.7,145,119,103,77,41,133.3,104.7,88.6,81.4,53.7,0.167,0.177,0.201,485
2024-02-28,0,0,0,0,485,464.4,123,114,87,76,62,134.3,106.1,89.3,81.7,53,0.184,0.18,0.196,462
2024-02-29,0,0,0,1,462,463.6,158,119,117,99,86,134.1,106.1,90,82.4,50.9,0.17,0.16,0.189,579
2024-03-01,0,0,0,0,579,482.1,138,117,109,85,62,139,108.6,94.3,86.1,54.1,0.21,0.184,0.224,511
2024-03-02,1,0,1,0,511,468.7,167,140,95,122,67,133.4,106,90.9,84.6,53.9,0.194,0.173,0.154,591
2024-03-03,1,0,0,0,591,492.9,144,115,87,91,40,139,112.3,93.9,89.9,57.9,0.192,0.182,0.12,477
2024-03-04,0,0,0,1,477,505.9,137,106,97,79,68,142.3,117.4,97.6,90.7,57.9,0.126,0.183,0.181,487
2024-03-05,0,0,0,0,487,513.1,122,127,103,76,50,144.6,118.6,99.3,89.9,60.9,0.185,0.18,0.192,478
2024-03-06,0,0,0,1,478,512.1,183,125,113,95,75,141.3,119.7,99.3,89.7,62.1,0.201,0.191,0.15,591
2024-03-07,0,0,0,0,591,530.6,119,89,72,65,60,149.9,121.3,103,92.4,64,0.195,0.174,0.184,405
2024-03-08,0,0,0,1,405,505.7,156,136,110,96,66,144.3,117,96.6,87.6,60.3,0.197,0.184,0.173,564
2024-03-09,1,0,1,0,564,513.3,157,123,103,103,43,146.9,119.7,96.7,89.1,60.9,0.181,0.201,0.203,529
2024-03-10,1,0,0,0,529,504.4,132,96,76,83,46,145.4,117.3,97.9,86.4,57.4,0.146,0.163,0.158,433
2024-03-11,0,0,0,1,433,498.1,171,134,128,95,84,143.7,114.6,96.3,85.3,58.3,0.186,0.181,0.17,612
2024-03-12,0,0,1,0,612,516,183,149,129,106,69,148.6,118.6,100.7,87.6,60.6,0.198,0.184,0.164,636
2024-03-13,0,0,0,0,636,538.6,155,121,90,86,58,157.3,121.7,104.4,91.9,63.3,0.186,0.177,0.124,510
2024-03-14,0,0,0,0,510,527,146,108,100,77,67,153.3,121.1,101.1,90.6,60.9,0.231,0.208,0.115,498
2024-03-15,0,0,0,0,498,540.3,148,125,100,83,62,157.1,123.9,105.1,92.3,61.9,0.253,0.175,0.176,518
2024-03-16,1,0,0,0,518,533.7,130,105,72,95,50,156,122.3,103.7,90.4,61.3,0.19,0.184,0.195,452
2024-03-17,1,0,1,1,452,522.7,191,152,111,135,50,152.1,119.7,99.3,89.3,62.3,0.179,0.142,0.221,639
2024-03-18,0,0,0,1,639,552.1,177,144,133,114,88,160.6,127.7,104.3,96.7,62.9,0.19,0.175,0.16,656
2024-03-19,0,0,0,0,656,558.4,141,116,105,90,54,161.4,129.1,105,99.4,63.4,0.281,0.185,0.256,506
2024-03-20,0,0,0,0,506,539.9,140,120,109,84,66,155.4,124.4,101.6,97.1,61.3,0.18,0.216,0.141,519
2024-03-21,0,0,0,0,519,541.1,124,98,88,79,58,153.3,124.3,104.3,96.9,62.4,0.193,0.191,0.131,447
2024-03-22,0,0,0,0,447,533.9,134,122,98,95,64,150.1,122.9,102.6,97.1,61.1,0.215,0.173,0.176,513
2024-03-23,1,0,0,0,513,533.1,156,106,90,103,39,148.1,122.4,102.3,98.9,61.4,0.172,0.156,0.149,494
2024-03-24,1,0,0,0,494,539.1,132,99,72,88,29,151.9,122.6,104.9,100,59.9,0.217,0.167,0.213,420
2024-03-25,0,0,0,0,420,507.9,117,106,85,71,54,143.4,115,99.3,93.3,56.9,0.255,0.212,0.183,433
2024-03-26,0,0,0,0,433,476,137,106,87,64,60,134.9,109.6,92.4,87.1,52,0.182,0.184,0.144,454
2024-03-27,0,0,1,0,454,468.6,169,123,113,118,85,134.3,108.1,89.9,83.4,52.9,0.145,0.197,0.152,608
2024-03-28,0,0,1,0,608,481.3,180,157,130,111,78,138.4,108.6,90.4,88.3,55.6,0.154,0.183,0.18,656
2024-03-29,0,0,0,0,656,511.1,147,116,99,88,68,146.4,117,96.4,92.9,58.4,0.217,0.142,0.121,518
2024-03-30,1,0,0,0,518,511.9,142,105,93,97,34,148.3,116.1,96.6,91.9,59,0.21,0.15,0.175,471
2024-03-31,1,0,0,0,471,508.6,121,86,60,91,36,146.3,116,97,91,58.3,0.167,0.186,0.234,394
2024-04-01,0,0,0,0,394,504.9,159,128,116,97,62,144.7,114.1,95.3,91.4,59.3,0.161,0.173,0.161,562
2024-04-02,0,0,0,0,562,523.3,142,127,113,81,63,150.7,117.3,99.7,95.1,60.4,0.181,0.164,0.169,526
2024-04-03,0,0,0,1,526,533.6,162,119,109,106,84,151.4,120.3,103.4,97.6,60.9,0.182,0.171,0.212,580
2024-04-04,0,0,0,0,580,529.6,176,133,132,81,65,150.4,119.7,102.9,95.9,60.7,0.205,0.194,0.208,587
2024-04-05,0,0,0,0,587,519.7,170,140,114,110,58,149.9,116.3,103.1,91.6,58.9,0.161,0.158,0.136,592
2024-04-06,1,0,0,0,592,530.3,144,112,70,102,49,153.1,119.7,105.3,94.7,57.4,0.14,0.13,0.177,477
2024-04-07,1,0,0,0,477,531.1,124,98,64,84,32,153.4,120.7,102,95.4,59.6,0.193,0.17,0.155,402
2024-04-08,0,0,0,0,402,532.3,127,107,103,91,50,153.9,122.4,102.6,94.4,59,0.195,0.161,0.205,478
2024-04-09,0,0,0,0,478,520.3,125,105,104,78,64,149.3,119.4,100.7,93.6,57.3,0.233,0.173,0.186,476
2024-04-10,0,0,0,0,476,513.1,151,119,102,70,57,146.9,116.3,99.4,93.1,57.4,0.235,0.159,0.22,499
2024-04-11,0,0,0,0,499,501.6,162,124,92,88,80,145.3,116.3,98.4,88,53.6,0.192,0.192,0.156,546
2024-04-12,0,0,0,0,546,495.7,155,122,94,83,58,143.3,115,92.7,89,55.7,0.224,0.165,0.166,512
2024-04-13,1,0,0,0,512,484.3,136,91,64,82,45,141.1,112.4,89.9,85.1,55.7,0.209,0.141,0.172,418
2024-04-14,1,0,0,0,418,475.9,130,88,73,82,29,140,109.4,89,82.3,55.1,0.18,0.157,0.151,402
2024-04-15,0,0,0,1,402,475.9,153,120,100,107,60,140.9,108,90.3,82,54.7,0.222,0.206,0.168,540
2024-04-16,0,0,0,0,540,484.7,129,108,105,81,50,144.6,109.9,89.9,84.3,56.1,0.266,0.164,0.183,473
2024-04-17,0,0,0,0,473,484.3,114,97,78,62,64,145.1,110.3,90,84.7,54.1,0.219,0.184,0.137,415
2024-04-18,0,0,0,0,415,472.3,125,112,92,84,59,139.9,107.1,86.6,83.6,55.1,0.21,0.169,0.186,472
2024-04-19,0,0,0,1,472,461.7,143,111,107,98,69,134.6,105.4,86.6,83,52.1,0.173,0.172,0.192,528
2024-04-20,1,0,0,0,528,464,126,106,80,90,53,132.9,103.9,88.4,85.1,53.7,0.219,0.213,0.084,455
2024-04-21,1,0,0,0,455,469.3,98,84,72,73,34,131.4,106,90.7,86.3,54.9,0.273,0.195,0.144,361
2024-04-22,0,0,0,0,361,463.4,126,110,103,80,52,126.9,105.4,90.6,85,55.6,0.236,0.199,0.239,471
2024-04-23,0,0,0,1,471,453.6,143,125,83,79,74,123,104,91,81.1,54.4,0.224,0.132,0.248,504
2024-04-24,0,0,0,0,504,458,130,106,107,81,63,125,106.4,87.9,80.9,57.9,0.169,0.202,0.138,487
2024-04-25,0,0,0,0,487,468.3,124,108,96,79,50,127.3,107.7,92,83.6,57.7,0.182,0.183,0.206,457
2024-04-26,0,0,0,1,457,466.1,165,146,118,99,66,127.1,107.1,92.6,82.9,56.4,0.148,0.197,0.209,594
2024-04-27,1,0,0,0,594,475.6,151,118,82,101,46,130.3,112.1,94.1,83,56,0.152,0.164,0.144,498
2024-04-28,1,0,0,1,498,481.7,154,131,81,99,43,133.9,113.9,94.4,84.6,55,0.216,0.171,0.151,508
2024-04-29,0,0,0,0,508,502.7,142,112,113,106,61,141.9,120.6,95.7,88.3,56.3,0.248,0.21,0.182,534
2024-04-30,0,0,0,1,534,511.7,164,119,109,92,67,144.1,120.9,97.1,92,57.6,0.231,0.18,0.244,551
2024-05-01,0,0,0,0,551,518.4,133,127,99,80,55,147.1,120,100.9,93.9,56.6,0.152,0.164,0.185,494
2024-05-02,0,0,0,0,494,519.4,118,86,85,64,56,147.6,123,99.7,93.7,55.4,0.2,0.164,0.181,409
2024-05-03,0,0,0,0,409,512.6,136,120,103,89,59,146.7,119.9,98.1,91.6,56.3,0.175,0.137,0.162,507
2024-05-04,1,0,0,0,507,500.1,142,116,80,96,60,142.6,116.1,96,90.1,55.3,0.209,0.196,0.219,494
2024-05-05,1,0,0,0,494,499.6,132,104,86,94,39,141.3,115.9,95.7,89.4,57.3,0.148,0.168,0.118,455
2024-05-06,0,0,0,0,455,492,144,112,120,72,52,138.1,112,96.4,88.7,56.7,0.226,0.15,0.133,500
2024-05-07,0,0,0,0,500,487.1,140,113,115,88,69,138.4,112,97.4,83.9,55.4,0.237,0.18,0.16,525
2024-05-08,0,0,0,0,525,483.4,148,128,100,79,68,135,111.1,98.3,83.3,55.7,0.173,0.205,0.107,523
2024-05-09,0,0,0,0,523,487.6,116,115,94,82,56,137.1,111.3,98.4,83.1,57.6,0.183,0.171,0.184,463
2024-05-10,0,0,0,0,463,495.3,145,134,110,96,57,136.9,115.4,99.7,85.7,57.6,0.215,0.173,0.256,542
2024-05-11,1,0,0,0,542,500.3,136,104,97,105,45,138.1,117.4,100.7,86.7,57.3,0.21,0.208,0.156,487
2024-05-12,1,0,0,0,487,499.3,144,115,83,97,36,137.3,115.7,103.1,88,55.1,0.211,0.147,0.131,475
2024-05-13,0,0,0,0,475,502.1,159,128,118,84,72,139,117.3,102.7,88.4,54.7,0.227,0.166,0.168,561
2024-05-14,0,0,0,0,561,510.9,155,112,105,86,66,141.1,119.6,102.4,90.1,57.6,0.125,0.168,0.094,524
2024-05-15,0,0,0,0,524,510.7,170,132,127,102,74,143.3,119.4,101,89.9,57.1,0.189,0.178,0.151,605
2024-05-16,0,0,0,0,605,522.4,142,134,118,93,73,146.4,120,104.9,93.1,58,0.211,0.166,0.166,560
2024-05-17,0,0,0,0,560,536.3,129,107,103,96,65,150.1,122.7,108.3,94.7,60.4,0.225,0.164,0.209,500
2024-05-18,1,0,0,0,500,530.3,140,89,80,85,50,147.9,118.9,107.3,94.7,61.6,0.211,0.186,0.186,444
2024-05-19,1,0,0,0,444,524.1,141,104,87,94,33,148.4,116.7,104.9,91.9,62.3,0.232,0.16,0.202,459
2024-05-20,0,0,0,0,459,521.9,169,131,93,82,54,148,115.1,105.4,91.4,61.9,0.212,0.21,0.214,529
2024-05-21,0,0,0,0,529,517.3,174,135,122,98,64,149.4,115.6,101.9,91.1,59.3,0.125,0.161,0.189,593
2024-05-22,0,0,1,0,593,527.1,211,185,148,111,60,152.1,118.9,104.3,92.9,59,0.168,0.175,0.157,715
2024-05-23,0,0,0,0,715,542.9,150,118,96,84,67,158,126.4,107.3,94.1,57,0.199,0.171,0.111,515
2024-05-24,0,0,0,0,515,536.4,133,121,102,91,73,159.1,124.1,104.1,92.9,56.1,0.208,0.187,0.239,520
2024-05-25,1,0,0,0,520,539.3,138,112,82,101,44,159.7,126.1,104,92.1,57.3,0.24,0.171,0.199,477
2024-05-26,1,0,0,0,477,544,118,98,62,78,38,159.4,129.4,104.3,94.4,56.4,0.155,0.163,0.128,394
2024-05-27,0,0,0,0,394,534.7,145,115,123,98,45,156.1,128.6,100.7,92.1,57.1,0.18,0.173,0.22,526
2024-05-28,0,0,0,0,526,534.3,156,113,116,85,60,152.7,126.3,105,94.4,55.9,0.207,0.143,0.17,530
2024-05-29,0,0,1,0,530,525.3,184,142,108,116,65,150.1,123.1,104.1,92.6,55.3,0.194,0.169,0.219,615
2024-05-30,0,0,0,1,615,511,156,128,128,85,84,146.3,117,98.4,93.3,56,0.253,0.193,0.176,581
2024-05-31,0,0,0,0,581,520.4,143,113,88,97,48,147.1,118.4,103,93.4,58.4,0.253,0.191,0.202,489
2024-06-01,1,0,0,0,489,516,123,94,73,78,37,148.6,117.3,101,94.3,54.9,0.247,0.167,0.211,405
2024-06-02,1,0,0,0,405,505.7,128,105,57,77,36,146.4,114.7,99.7,91,53.9,0.19,0.167,0.13,403
2024-06-03,0,0,0,0,403,507,133,107,91,83,52,147.9,115.7,99,90.9,53.6,0.207,0.206,0.218,466
2024-06-04,0,0,0,0,466,498.4,145,108,87,85,71,146.1,114.6,94.4,88.7,54.6,0.152,0.163,0.22,496
2024-06-05,0,0,0,0,496,493.6,142,123,107,91,54,144.6,113.9,90.3,88.7,56.1,0.232,0.194,0.199,517
2024-06-06,0,0,0,0,517,479.6,139,116,107,66,47,138.6,111.1,90.1,85.1,54.6,0.251,0.183,0.208,475
2024-06-07,0,0,0,0,475,464.4,126,108,91,94,51,136.1,109.4,87.1,82.4,49.3,0.226,0.19,0.161,470
2024-06-08,1,0,0,0,470,461.7,114,82,71,87,32,133.7,108.7,87.6,82,49.7,0.174,0.166,0.183,386
2024-06-09,1,0,0,0,386,459,110,101,64,75,36,132.4,107,87.3,83.3,49,0.146,0.178,0.177,386
2024-06-10,0,0,0,0,386,456.6,128,115,104,77,68,129.9,106.4,88.3,83,49,0.192,0.197,0.167,492
2024-06-11,0,0,0,0,492,460.3,155,123,114,74,57,129.1,107.6,90.1,82.1,51.3,0.25,0.165,0.183,523
2024-06-12,0,0,0,0,523,464.1,133,97,80,73,52,130.6,109.7,94,80.6,49.3,0.251,0.166,0.2,435
2024-06-13,0,0,0,0,435,452.4,159,114,110,98,72,129.3,106,90.1,78,49,0.231,0.169,0.181,553
2024-06-14,0,0,0,0,553,463.6,144,119,100,83,50,132.1,105.7,90.6,82.6,52.6,0.204,0.181,0.18,496
2024-06-15,1,0,0,0,496,467.3,128,98,75,73,46,134.7,107.3,91.9,81,52.4,0.213,0.175,0.111,420
2024-06-16,1,0,0,0,420,472.1,112,83,68,89,32,136.7,109.6,92.4,79,54.4,0.196,0.172,0.153,384
2024-06-17,0,0,0,0,384,471.9,122,116,106,74,62,137,107,93,81,53.9,0.203,0.171,0.169,480
2024-06-18,0,0,1,0,480,470.1,144,130,112,85,76,136.1,107.1,93.3,80.6,53,0.205,0.182,0.167,547
2024-06-19,0,0,0,0,547,473.6,141,110,103,79,57,134.6,108.1,93,82.1,55.7,0.152,0.173,0.182,490
2024-06-20,0,0,0,0,490,481.4,134,110,88,78,57,135.7,110,96.3,83,56.4,0.224,0.18,0.176,467
2024-06-21,0,0,0,0,467,469.1,132,123,103,80,47,132.1,109.4,93.1,80.1,54.3,0.201,0.17,0.172,485
2024-06-22,1,0,0,0,485,467.6,172,114,76,104,32,130.4,110,93.6,79.7,53.9,0.214,0.169,0.152,498
2024-06-23,1,0,0,0,498,478.7,122,102,64,92,41,136.7,112.3,93.7,84.1,51.9,0.221,0.158,0.153,421
2024-06-24,0,0,0,0,421,484,137,122,97,85,66,138.1,115,93.1,84.6,53.1,0.257,0.155,0.16,507
2024-06-25,0,0,0,0,507,487.9,154,113,113,84,58,140.3,115.9,91.9,86.1,53.7,0.212,0.158,0.173,522
2024-06-26,0,0,0,0,522,484.3,134,126,101,74,48,141.7,113.4,92,86,51.1,0.175,0.161,0.261,483
2024-06-27,0,0,0,0,483,483.3,149,115,94,86,70,140.7,115.7,91.7,85.3,49.9,0.16,0.173,0.164,514
2024-06-28,0,0,0,0,514,490,124,102,87,81,65,142.9,116.4,92.6,86.4,51.7,0.161,0.184,0.205,459
2024-06-29,1,0,1,0,459,486.3,129,89,75,98,34,141.7,113.4,90.3,86.6,54.3,0.174,0.187,0.15,425
2024-06-30,1,0,0,1,425,475.9,138,91,69,90,43,135.6,109.9,90.1,85.7,54.6,0.179,0.185,0.239,431
2024-07-01,0,0,0,0,431,477.3,144,116,112,91,49,137.9,108.3,90.9,85.4,54.9,0.229,0.16,0.174,512
2024-07-02,0,0,0,0,512,478,138,124,107,85,57,138.9,107.4,93,86.3,52.4,0.186,0.179,0.073,511
2024-07-03,0,0,0,0,511,476.4,118,103,88,73,55,136.6,109,92.1,86.4,52.3,0.166,0.196,0.101,437
2024-07-04,0,0,0,0,437,469.9,134,95,83,74,60,134.3,105.7,90.3,86.3,53.3,0.141,0.207,0.16,446
2024-07-05,0,0,0,0,446,460.1,135,104,100,90,52,132.1,102.9,88.7,84.6,51.9,0.241,0.167,0.155,481
2024-07-06,1,0,0,0,481,463.3,132,97,79,89,37,133.7,103.1,90.6,85.9,50,0.139,0.186,0.215,434
2024-07-07,1,0,0,0,434,464.6,127,96,76,81,28,134.1,104.3,91.1,84.6,50.4,0.194,0.152,0.144,408
2024-07-08,0,0,0,0,408,461.3,119,116,99,75,60,132.6,105,92.1,83.3,48.3,0.177,0.183,0.155,469
2024-07-09,0,0,0,0,469,455.1,141,142,109,85,59,129,105,90.3,81,49.9,0.148,0.21,0.181,536
2024-07-10,0,0,0,0,536,458.7,138,128,99,92,55,129.4,107.6,90.6,81,50.1,0.22,0.181,0.163,512
2024-07-11,0,0,0,0,512,469.4,168,146,119,93,56,132.3,111.1,92.1,83.7,50.1,0.224,0.156,0.123,582
2024-07-12,0,0,0,0,582,488.9,159,133,110,102,61,137.1,118.4,97.3,86.4,49.6,0.206,0.193,0.135,565
2024-07-13,1,0,0,0,565,500.9,137,108,70,98,38,140.6,122.6,98.7,88.1,50.9,0.198,0.183,0.17,451
2024-07-14,1,0,1,0,451,503.3,147,115,82,106,39,141.3,124.1,97.4,89.4,51,0.22,0.188,0.104,489
2024-07-15,0,0,0,0,489,514.9,130,112,87,81,77,144.1,126.9,98.3,93,52.6,0.212,0.221,0.162,487
2024-07-16,0,0,1,0,487,517.4,186,137,143,106,59,145.7,126.3,96.6,93.9,55,0.177,0.149,0.19,631
2024-07-17,0,0,0,0,631,531,137,100,92,87,46,152.1,125.6,101.4,96.9,55,0.227,0.165,0.177,462
2024-07-18,0,0,0,1,462,523.9,158,115,108,99,68,152,121.6,100.4,96.1,53.7,0.212,0.197,0.201,548
2024-07-19,0,0,0,0,548,519,145,113,107,91,64,150.6,117.1,98.9,97,55.4,0.19,0.193,0.158,520
2024-07-20,1,0,0,0,520,512.6,117,98,70,92,36,148.6,114.3,98.4,95.4,55.9,0.201,0.186,0.169,413
2024-07-21,1,0,0,0,413,507.1,136,98,75,88,47,145.7,112.9,98.4,94.6,55.6,0.18,0.192,0.141,444
2024-07-22,0,0,0,0,444,500.7,133,113,92,76,59,144.1,110.4,97.4,92,56.7,0.208,0.175,0.162,473
2024-07-23,0,0,0,0,473,498.7,115,90,99,62,46,144.6,110.6,98.1,91.3,54.1,0.232,0.182,0.159,412
2024-07-24,0,0,0,0,412,467.4,147,107,96,75,57,134.4,103.9,91.9,85,52.3,0.174,0.125,0.157,482
2024-07-25,0,0,0,1,482,470.3,149,129,123,103,77,135.9,104.9,92.4,83.3,53.9,0.199,0.205,0.148,581
2024-07-26,0,0,0,0,581,475,161,128,103,88,54,134.6,106.9,94.6,83.9,55.1,0.145,0.144,0.192,534
2024-07-27,1,0,0,0,534,477,125,111,87,95,46,136.9,109,94,83.4,53.7,0.206,0.168,0.136,464
2024-07-28,1,0,0,0,464,484.3,135,95,84,93,39,138,110.9,96.4,83.9,55.1,0.191,0.184,0.208,446
2024-07-29,0,0,0,0,446,484.6,150,120,102,88,60,137.9,110.4,97.7,84.6,54,0.247,0.184,0.261,520
2024-07-30,0,0,0,0,520,491.3,134,104,104,78,63,140.3,111.4,99.1,86.3,54.1,0.216,0.183,0.21,483
2024-07-31,0,0,0,0,483,501.4,138,126,101,81,59,143,113.4,99.9,88.6,56.6,0.161,0.163,0.137,505
2024-08-01,0,0,0,0,505,504.7,118,102,86,69,51,141.7,116.1,100.6,89.4,56.9,0.161,0.165,0.154,426
2024-08-02,0,0,1,0,426,482.6,158,130,116,87,54,137.3,112.3,95.3,84.6,53.1,0.17,0.168,0.175,545
2024-08-03,1,0,0,0,545,484.1,136,102,69,107,36,136.9,112.6,97.1,84.4,53.1,0.159,0.187,0.155,450
2024-08-04,1,0,0,0,450,482.1,126,107,69,84,50,138.4,111.3,94.6,86.1,51.7,0.156,0.181,0.181,436
2024-08-05,0,0,0,1,436,480.7,163,150,111,99,66,137.1,113,92.4,84.9,53.3,0.174,0.197,0.169,589
2024-08-06,0,0,0,0,589,490.6,143,104,95,76,56,139,117.3,93.7,86.4,54.1,0.186,0.125,0.178,474
2024-08-07,0,0,0,1,474,489.3,128,118,96,83,55,140.3,117.3,92.4,86.1,53.1,0.206,0.153,0.185,480
2024-08-08,0,0,0,0,480,485.7,114,92,99,59,58,138.9,116.1,91.7,86.4,52.6,0.181,0.197,0.19,422
2024-08-09,0,0,0,0,422,485.1,149,117,109,96,59,138.3,114.7,93.6,85,53.6,0.204,0.173,0.176,530
2024-08-10,1,0,0,0,530,483,138,106,75,98,43,137,112.9,92.6,86.3,54.3,0.199,0.175,0.206,460
2024-08-11,1,0,1,0,460,484.4,142,105,89,102,46,137.3,113.4,93.4,85,55.3,0.197,0.175,0.158,484
2024-08-12,0,0,0,0,484,491.3,151,121,118,88,81,139.6,113.1,96.3,87.6,54.7,0.194,0.153,0.2,559
2024-08-13,0,0,0,0,559,487,157,149,117,93,73,137.9,109,97.3,86,56.9,0.197,0.174,0.209,589
2024-08-14,0,0,0,0,589,503.4,154,118,102,95,65,139.9,115.4,100.4,88.4,59.3,0.197,0.182,0.153,534
2024-08-15,0,0,0,1,534,511.1,167,130,115,107,74,143.6,115.4,101.3,90.1,60.7,0.195,0.171,0.222,593
2024-08-16,0,0,0,0,593,535.6,134,115,101,86,54,151.1,120.9,103.6,97,63,0.223,0.173,0.163,490
2024-08-17,1,0,0,0,490,529.9,136,98,94,104,40,149,120.6,102.4,95.6,62.3,0.144,0.167,0.154,472
2024-08-18,1,0,0,0,472,531.6,111,101,69,86,55,148.7,119.4,105.1,96.4,61.9,0.19,0.19,0.197,422
2024-08-19,0,0,0,0,422,522.7,139,120,92,82,59,144.3,118.9,102.3,94.1,63.1,0.201,0.163,0.162,492
2024-08-20,0,0,0,0,492,513.1,144,119,129,90,68,142.6,118.7,98.6,93.3,60,0.208,0.175,0.143,550
2024-08-21,0,0,0,0,550,507.6,129,112,88,84,61,140.7,114.4,100.3,92.9,59.3,0.172,0.194,0.206,474
2024-08-22,0,0,0,0,474,499,114,96,88,70,52,137.1,113.6,98.3,91.3,58.7,0.177,0.174,0.2,420
2024-08-23,0,0,0,1,420,474.3,155,139,114,97,66,129.6,108.7,94.4,86,55.6,0.199,0.174,0.198,571
2024-08-24,1,0,0,0,571,485.9,142,104,82,94,52,132.6,112.1,96.3,87.6,57.3,0.162,0.179,0.185,474
2024-08-25,1,0,1,0,474,486.1,145,116,85,94,34,133.4,113,94.6,86.1,59,0.215,0.143,0.154,474
2024-08-26,0,0,0,0,474,493.6,140,118,118,80,67,138.3,115.1,96.9,87.3,56,0.194,0.195,0.165,523
2024-08-27,0,0,0,0,523,498,149,104,104,93,70,138.4,114.9,100.6,87,57.1,0.19,0.193,0.181,520
2024-08-28,0,0,0,0,520,493.7,137,111,110,81,48,139.1,112.7,97,87.4,57.4,0.216,0.169,0.185,487
2024-08-29,0,0,0,1,487,495.6,129,106,88,70,53,140.3,112.6,100.1,87,55.6,0.242,0.205,0.176,446
2024-08-30,0,0,0,0,446,499.3,144,112,83,97,52,142.4,114,100.1,87,55.7,0.183,0.178,0.11,488
2024-08-31,1,0,0,1,488,487.4,159,118,103,108,41,140.9,110.1,95.7,87,53.7,0.216,0.176,0.201,529
2024-09-01,1,0,0,0,529,495.3,111,78,61,77,48,143.3,112.1,98.7,89,52.1,0.238,0.164,0.146,375
2024-09-02,0,0,0,0,375,481.1,111,88,80,67,51,138.4,106.7,95.3,86.6,54.1,0.147,0.199,0.163,397
2024-09-03,0,0,0,0,397,463.1,109,74,74,67,46,134.3,102.4,89.9,84.7,51.9,0.185,0.156,0.201,370
2024-09-04,0,0,0,0,370,441.7,91,73,68,54,34,128.6,98.1,85.6,81,48.4,0.202,0.166,0.164,320
2024-09-05,0,0,0,0,320,417.9,108,82,79,70,54,122,92.7,79.6,77.1,46.4,0.201,0.179,0.17,393
2024-09-06,0,0,0,0,393,410.3,119,97,61,60,36,119,89.3,78.3,77.1,46.6,0.205,0.161,0.197,373
2024-09-07,1,0,0,0,373,393.9,112,81,57,79,31,115.4,87.1,75.1,71.9,44.3,0.187,0.18,0.212,360
2024-09-08,1,0,0,0,360,369.7,91,58,46,58,29,108.7,81.9,68.6,67.7,42.9,0.201,0.175,0.146,282
2024-09-09,0,0,0,1,282,356.4,119,104,90,69,47,105.9,79,66.4,65,40.1,0.213,0.223,0.206,429
2024-09-10,0,0,0,0,429,361,107,89,76,54,43,107,81.3,67.9,65.3,39.6,0.183,0.167,0.16,369
2024-09-11,0,0,0,0,369,360.9,101,77,77,63,44,106.7,83.4,68.1,63.4,39.1,0.226,0.176,0.216,362
2024-09-12,0,0,0,1,362,366.9,121,92,86,61,53,108.1,84,69.4,64.7,40.6,0.199,0.181,0.19,413
2024-09-13,0,0,0,0,413,369.7,105,84,77,61,50,110,85.4,70.4,63.4,40.4,0.211,0.168,0.112,377
2024-09-14,1,0,0,0,377,370.3,113,71,68,66,44,108,83.6,72.7,63.6,42.4,0.204,0.177,0.167,362
2024-09-15,1,0,0,0,362,370.6,106,80,64,65,30,108.1,82.1,74.3,61.7,44.3,0.26,0.199,0.128,345
2024-09-16,0,0,0,0,345,379.6,117,97,79,73,54,110.3,85.3,76.9,62.7,44.4,0.23,0.185,0.136,420
2024-09-17,0,0,0,0,420,378.3,128,103,87,71,52,110,84.3,75.3,63.3,45.4,0.192,0.169,0.192,441
2024-09-18,0,0,0,0,441,388.6,111,106,79,54,52,113,86.3,76.9,65.7,46.7,0.167,0.159,0.185,402
2024-09-19,0,0,0,1,402,394.3,121,115,92,82,68,114.4,90.4,77.1,64.4,47.9,0.182,0.169,0.175,478
2024-09-20,0,0,0,0,478,403.6,119,94,93,67,58,114.4,93.7,78,67.4,50,0.221,0.182,0.141,431
2024-09-21,1,0,0,1,431,411.3,111,79,68,83,40,116.4,95.1,80.3,68.3,51.1,0.169,0.221,0.167,381
2024-09-22,1,0,0,0,381,414,117,94,56,71,38,116.1,96.3,80.3,70.7,50.6,0.202,0.173,0.17,376
2024-09-23,0,0,1,1,376,418.4,164,144,110,106,75,117.7,98.3,79.1,71.6,51.7,0.243,0.185,0.191,599
2024-09-24,0,1,0,0,599,444,128,103,103,62,56,124.4,105,83.6,76.3,54.7,0.214,0.163,0.224,452
2024-09-25,0,0,0,0,452,445.6,117,103,86,62,41,124.4,105,85.9,75,55.3,0.159,0.169,0.214,409
2024-09-26,0,1,0,0,409,446.6,116,99,83,65,48,125.3,104.6,86.9,76.1,53.7,0.184,0.187,0.184,411
2024-09-27,0,1,0,0,411,437,123,100,85,68,62,124.6,102.3,85.6,73.7,50.9,0.162,0.181,0.225,438
2024-09-28,1,0,0,0,438,438,115,91,66,97,41,125.1,103.1,84.4,73.9,51.4,0.164,0.184,0.234,410
2024-09-29,1,1,0,0,410,442.1,110,86,66,74,26,125.7,104.9,84.1,75.9,51.6,0.235,0.203,0.169,362
2024-09-30,0,1,0,0,362,440.1,95,84,65,52,44,124.7,103.7,85.6,76.3,49.9,0.206,0.184,0.173,340
2024-10-01,0,0,0,0,340,403.1,106,77,81,65,43,114.9,95.1,79.1,68.6,45.4,0.21,0.182,0.158,372
2024-10-02,0,0,0,0,372,391.7,111,92,77,73,48,111.7,91.4,76,69,43.6,0.168,0.155,0.191,401
2024-10-03,0,0,0,1,401,390.6,143,134,113,87,67,110.9,89.9,74.7,70.6,44.6,0.218,0.189,0.225,544
2024-10-04,0,0,1,1,544,409.6,177,128,126,116,72,114.7,94.9,79,73.7,47.3,0.238,0.163,0.227,619
2024-10-05,1,0,0,0,619,435.4,132,95,80,97,45,122.4,98.9,84.9,80.6,48.7,0.199,0.175,0.171,449
2024-10-06,1,0,1,0,449,441,125,102,72,87,45,124.9,99.4,86.9,80.6,49.3,0.199,0.152,0.179,431
2024-10-07,0,0,1,0,431,450.9,154,116,116,84,52,127,101.7,87.7,82.4,52,0.212,0.155,0.149,522
2024-10-08,0,0,0,0,522,476.9,107,107,100,75,58,135.4,106.3,95,87,53.1,0.177,0.179,0.185,447
2024-10-09,0,0,0,0,447,487.6,151,117,110,85,63,135.6,110.6,97.7,88.4,55.3,0.193,0.195,0.176,526
2024-10-10,0,0,0,0,526,505.4,122,105,95,81,62,141.3,114.1,102.4,90.1,57.4,0.199,0.196,0.182,465
2024-10-11,0,0,0,0,465,494.1,121,113,96,76,60,138.3,110,99.9,89.3,56.7,0.177,0.172,0.191,466
2024-10-12,1,0,0,0,466,472.3,123,94,79,91,39,130.3,107.9,95.6,83.6,55,0.143,0.176,0.158,426
2024-10-13,1,0,1,1,426,469,162,121,75,111,43,129,107.7,95.4,82.7,54.1,0.161,0.205,0.148,512
2024-10-14,0,0,0,0,512,480.6,124,117,99,77,55,134.3,110.4,95.9,86.1,53.9,0.217,0.194,0.148,472
2024-10-15,0,0,1,0,472,473.4,142,102,110,75,65,130,110.6,93.4,85.1,54.3,0.168,0.171,0.213,494
2024-10-16,0,0,0,0,494,480.1,128,105,90,69,49,135,109.9,94.9,85.1,55.3,0.223,0.157,0.179,441
2024-10-17,0,0,0,0,441,468,116,88,78,63,53,131.7,108.1,92,82.9,53.3,0.201,0.182,0.156,398
2024-10-18,0,0,0,1,398,458.4,145,127,95,91,34,130.9,105.7,89.6,80.3,52,0.195,0.186,0.178,492
2024-10-19,1,0,0,0,492,462.1,136,97,60,80,36,134.3,107.7,89.4,82.4,48.3,0.251,0.172,0.181,409
2024-10-20,1,0,0,1,409,459.7,133,99,78,90,39,136.1,108.1,86.7,80.9,47.9,0.195,0.204,0.162,439
2024-10-21,0,0,0,0,439,449.3,125,100,94,72,52,132,105,87.1,77.9,47.3,0.222,0.194,0.191,443
2024-10-22,0,0,0,0,443,445.1,118,95,89,72,52,132.1,102.6,86.4,77.1,46.9,0.141,0.19,0.161,426
2024-10-23,0,0,0,0,426,435.4,117,104,88,77,44,128.7,101.6,83.4,76.7,45,0.18,0.184,0.19,430
2024-10-24,0,0,0,0,430,433.9,132,100,87,67,43,127.1,101.4,83.1,77.9,44.3,0.192,0.189,0.157,429
2024-10-25,0,0,0,0,429,438.3,117,92,91,79,54,129.4,103.1,84.4,78.4,42.9,0.269,0.18,0.201,433
2024-10-26,1,0,0,0,433,429.9,128,92,81,84,49,125.4,98.1,83.9,76.7,45.7,0.191,0.175,0.157,434
2024-10-27,1,0,0,0,434,433.4,111,91,74,83,25,124.3,97.4,86.9,77.3,47.6,0.209,0.2,0.1,384
2024-10-28,0,0,0,1,384,425.6,152,125,98,90,51,121.1,96.3,86.3,76.3,45.6,0.174,0.198,0.219,516
2024-10-29,0,0,1,0,516,436,140,116,103,75,57,125,99.9,86.9,78.9,45.4,0.183,0.18,0.128,491
2024-10-30,0,0,0,0,491,445.3,119,98,90,68,47,128.1,102.9,88.9,79.3,46.1,0.194,0.192,0.234,422
2024-10-31,0,0,0,0,422,444.1,145,118,102,80,53,128.4,102,89.1,78,46.6,0.167,0.167,0.134,498
2024-11-01,0,0,0,1,498,454,156,132,125,98,67,130.3,104.6,91.3,79.9,48,0.154,0.176,0.13,578
2024-11-02,1,0,0,0,578,474.7,136,112,71,93,49,135.9,110.3,96.1,82.6,49.9,0.213,0.161,0.186,461
2024-11-03,1,0,0,0,461,478.6,120,93,74,80,39,137,113.1,94.7,83.9,49.9,0.193,0.171,0.18,406
2024-11-04,0,0,0,0,406,481.7,138,99,103,78,53,138.3,113.4,94.7,83.4,51.9,0.243,0.208,0.211,471
2024-11-05,0,0,0,0,471,475.3,139,111,97,82,68,136.3,109.7,95.4,81.7,52.1,0.248,0.15,0.202,497
2024-11-06,0,0,0,1,497,476.1,160,136,115,98,61,136.1,109,94.6,82.7,53.7,0.228,0.198,0.176,570
2024-11-07,0,0,0,0,570,497.3,159,143,109,114,78,142,114.4,98.1,87,55.7,0.175,0.161,0.204,603
2024-11-08,0,0,0,0,603,512.3,135,116,93,84,45,144,118,99.1,91.9,59.3,0.185,0.152,0.175,473
2024-11-09,1,0,0,0,473,497.3,118,104,71,88,32,141,115.7,94.6,89.9,56.1,0.177,0.169,0.203,413
2024-11-10,1,0,0,0,413,490.4,98,94,67,74,30,138.4,114.6,94.6,89.1,53.7,0.171,0.185,0.134,363
2024-11-11,0,0,0,1,363,484.3,148,117,94,79,55,135.3,114.7,93.6,88.3,52.4,0.142,0.175,0.186,493
2024-11-12,0,0,0,0,493,487.4,148,124,96,99,64,136.7,117.3,92.3,88.4,52.7,0.208,0.167,0.237,531
2024-11-13,0,0,0,0,531,492.3,130,110,105,81,71,138,119.1,92.1,90.9,52.1,0.153,0.17,0.129,497
2024-11-14,0,0,0,0,497,481.9,137,99,107,90,51,133.7,115.4,90.7,88.4,53.6,0.191,0.185,0.14,484
2024-11-15,0,0,0,0,484,464.9,128,114,99,86,80,130.6,109.1,90.4,85,49.7,0.152,0.179,0.159,507
2024-11-16,1,0,0,0,507,469.7,138,116,99,102,52,129.6,108.9,91.3,85.3,54.7,0.227,0.152,0.184,507
2024-11-17,1,0,0,0,507,483.1,132,104,77,89,35,132.4,110.6,95.3,87.3,57.6,0.165,0.151,0.153,437
2024-11-18,0,0,0,0,437,493.7,162,144,130,81,77,137.3,112,96.7,89.4,58.3,0.212,0.184,0.176,594
2024-11-19,0,0,0,0,594,508.1,141,121,105,70,56,139.3,115.9,101.9,89.7,61.4,0.165,0.161,0.15,493
2024-11-20,0,0,0,1,493,502.7,154,130,97,79,67,138.3,115.4,103.1,85.6,60.3,0.204,0.159,0.209,527
2024-11-21,0,0,0,1,527,507,163,125,119,90,79,141.7,118.3,102,85.3,59.7,0.222,0.149,0.169,576
2024-11-22,0,0,0,0,576,520.1,158,134,104,115,69,145.4,122,103.7,85.3,63.7,0.22,0.195,0.175,580
2024-11-23,1,0,0,0,580,530.6,132,105,75,116,43,149.7,124.9,104.4,89.4,62.1,0.147,0.175,0.224,471
2024-11-24,1,0,0,0,471,525.4,127,109,68,82,40,148.9,123.3,101,91.4,60.9,0.25,0.18,0.18,426
2024-11-25,0,0,0,0,426,523.9,145,118,106,90,63,148.1,124,99.7,90.4,61.6,0.212,0.174,0.074,522
2024-11-26,0,0,0,0,522,513.6,168,119,118,106,72,145.7,120.3,96.3,91.7,59.6,0.249,0.174,0.166,583
2024-11-27,0,0,0,0,583,526.4,149,140,117,100,62,149.6,120,98.1,96.9,61.9,0.202,0.179,0.171,568
2024-11-28,0,0,0,0,568,532.3,154,124,113,85,59,148.9,121.4,101,99.9,61.1,0.172,0.187,0.124,535
2024-11-29,0,0,0,0,535,526.4,142,122,99,87,50,147.6,121.3,100.1,99.1,58.3,0.174,0.171,0.171,500
2024-11-30,1,0,0,0,500,515,133,95,75,79,31,145.3,119.6,99.4,95.1,55.6,0.178,0.209,0.19,413
2024-12-01,1,0,0,0,413,506.7,137,102,83,90,39,145.4,118.1,99.4,89.9,53.9,0.198,0.189,0.166,451
2024-12-02,0,0,0,0,451,510.3,169,122,109,83,63,146.9,117.1,101.6,91,53.7,0.218,0.14,0.163,546
2024-12-03,0,0,0,0,546,513.7,195,150,123,106,77,150.3,117.7,102,90,53.7,0.207,0.169,0.181,651
2024-12-04,0,0,0,1,651,523.4,180,164,126,114,60,154.1,122.1,102.7,90,54.4,0.203,0.179,0.17,644
2024-12-05,0,0,0,0,644,534.3,134,104,93,91,53,158.6,125.6,104,92,54.1,0.23,0.194,0.159,475
2024-12-06,0,0,0,0,475,525.7,147,138,115,91,71,155.7,122.7,101.1,92.9,53.3,0.151,0.184,0.209,562
2024-12-07,1,0,0,0,562,534.6,159,122,99,113,43,156.4,125,103.4,93.4,56.3,0.175,0.179,0.09,536
2024-12-08,1,0,0,0,536,552.1,144,116,74,100,38,160.1,128.9,106.9,98.3,58,0.155,0.175,0.138,472
2024-12-09,0,0,0,0,472,555.1,131,105,101,90,53,161.1,130.9,105.6,99.7,57.9,0.258,0.195,0.136,480
2024-12-10,0,0,0,0,480,545.7,136,106,104,88,74,155.7,128.4,104.4,100.7,56.4,0.222,0.174,0.212,508
2024-12-11,0,0,1,0,508,525.3,185,136,120,92,71,147.3,122.1,101.7,98.1,56,0.226,0.179,0.187,604
2024-12-12,0,0,0,0,604,519.6,163,125,98,71,61,148,118.1,100.9,95,57.6,0.143,0.148,0.145,518
2024-12-13,0,0,1,0,518,525.7,152,133,105,91,72,152.1,121.1,101.6,92.1,58.7,0.153,0.15,0.165,553
2024-12-14,1,0,0,0,553,524.4,159,118,96,119,55,152.9,120.4,100.1,92.1,58.9,0.249,0.147,0.179,547
2024-12-15,1,0,0,0,547,526,127,97,73,76,31,152.9,119.9,99.7,93,60.6,0.179,0.186,0.152,404
2024-12-16,0,0,0,0,404,516.3,164,125,129,112,68,150.4,117.1,99.6,89.6,59.6,0.218,0.158,0.138,598
2024-12-17,0,0,0,0,598,533.1,163,150,134,115,88,155.1,120,103.6,92.7,61.7,0.232,0.204,0.186,650
2024-12-18,0,0,0,0,650,553.4,165,138,103,86,74,159,126.3,107.9,96.6,63.7,0.16,0.168,0.156,566
2024-12-19,0,0,0,0,566,548,155,114,112,82,68,156.1,126.6,105.4,95.7,64.1,0.176,0.18,0.195,531
2024-12-20,0,0,0,0,531,549.9,131,119,113,100,69,155,125,107.4,97.3,65.1,0.177,0.17,0.196,532
2024-12-21,1,0,1,0,532,546.9,178,134,125,135,50,152,123,108.6,98.6,64.7,0.212,0.159,0.214,622
2024-12-22,1,0,0,0,622,557.6,153,124,92,110,50,154.7,125.3,112.7,100.9,64,0.18,0.141,0.213,529
2024-12-23,0,0,0,0,529,575.4,148,120,108,81,79,158.4,129.1,115.4,105.7,66.7,0.201,0.163,0.141,536
2024-12-24,0,0,0,1,536,566.6,184,146,109,101,79,156.1,128.4,112.4,101.3,68.3,0.199,0.171,0.146,619
2024-12-25,0,0,0,0,619,562.1,154,128,107,84,73,159.1,127.9,108.9,99.3,67,0.223,0.197,0.151,546
2024-12-26,0,0,0,1,546,559.3,176,148,131,113,73,157.6,126.4,109.4,99,66.9,0.236,0.187,0.062,641
2024-12-27,0,0,0,0,641,575,164,126,117,113,63,160.6,131.3,112.1,103.4,67.6,0.188,0.204,0.214,583
2024-12-28,1,0,0,0,583,582.3,155,119,77,118,51,165.3,132.3,112.7,105.3,66.7,0.193,0.178,0.139,520
2024-12-29,1,0,0,1,520,567.7,183,134,107,123,73,162,130.1,105.9,102.9,66.9,0.183,0.178,0.232,620
2024-12-30,0,0,0,0,620,580.7,177,127,137,100,70,166.3,131.6,108,104.7,70.1,0.175,0.164,0.183,611
2024-12-31,0,0,0,0,611,591.4,140,115,103,75,67,170.4,132.6,112.1,107.4,68.9,0.219,0.17,0.217,500
2025-01-01,0,0,0,0,500,574.4,100,79,72,64,43,164.1,128.1,111.3,103.7,67.1,0.17,0.181,0.179,358
2025-01-02,0,0,0,0,358,547.6,112,88,80,72,48,156.4,121.1,106.3,100.9,62.9,0.207,0.195,0.18,400
2025-01-03,0,0,0,0,400,513.1,124,97,89,80,53,147.3,112.6,99,95,59.3,0.189,0.165,0.181,443
2025-01-04,1,0,0,0,443,493.1,88,64,50,64,26,141.6,108.4,95,90.3,57.9,0.14,0.146,0.219,292
2025-01-05,1,0,0,0,292,460.6,70,51,40,51,21,132,100.6,91.1,82.6,54.3,0.185,0.158,0.219,233
2025-01-06,0,0,0,0,233,405.3,136,108,98,88,59,115.9,88.7,81.6,72.3,46.9,0.218,0.185,0.18,489
2025-01-07,0,0,0,0,489,387.9,122,96,87,78,52,110,86,76,70.6,45.3,0.203,0.17,0.179,435
2025-01-08,0,0,0,0,435,378.6,108,84,77,69,46,107.4,83.3,73.7,71,43.1,0.161,0.165,0.18,384
2025-01-09,0,0,0,0,384,382.3,117,93,84,76,51,108.6,84,74.4,71.7,43.6,0.183,0.166,0.181,421
2025-01-10,0,0,0,0,421,385.3,122,95,87,78,52,109.3,84.7,75,72.3,44,0.182,0.188,0.18,434
2025-01-11,1,0,0,0,434,384,81,60,46,60,24,109,84.4,74.7,72,43.9,0.175,0.177,0.221,271
2025-01-12,1,0,0,0,271,381,68,50,39,50,20,108,83.9,74.1,71.4,43.6,0.206,0.152,0.22,227
2025-01-13,0,0,0,0,227,380.1,130,101,92,83,55,107.7,83.7,74,71.3,43.4,0.182,0.176,0.18,461
2025-01-14,0,0,0,1,461,376.1,148,89,113,64,79,106.9,82.7,73.1,70.6,42.9,0.235,0.178,0.13,493
2025-01-15,0,0,0,0,493,384.4,105,82,75,67,45,110.6,81.7,76.9,68.6,46.7,0.179,0.173,0.179,374
2025-01-16,0,0,0,0,374,383,109,86,78,70,47,110.1,81.4,76.6,68.3,46.6,0.188,0.173,0.179,390
2025-01-17,0,0,0,0,390,378.6,144,112,102,92,61,109,80.4,75.7,67.4,46,0.218,0.165,0.18,511
2025-01-18,1,0,0,0,511,389.6,89,65,50,65,27,112.1,82.9,77.9,69.4,47.3,0.193,0.157,0.22,296
2025-01-19,1,0,0,0,296,393.1,80,59,46,59,24,113.3,83.6,78.4,70.1,47.7,0.163,0.165,0.22,268
2025-01-20,0,0,0,0,268,399,135,106,97,87,58,115,84.9,79.4,71.4,48.3,0.183,0.163,0.18,483
2025-01-21,0,0,0,0,483,402.1,128,101,92,83,55,115.7,85.6,80.1,72,48.7,0.166,0.168,0.181,459
2025-01-22,0,0,0,0,459,397.3,106,83,76,68,45,112.9,87.3,77.1,74.7,45.3,0.179,0.167,0.18,378
2025-01-23,0,0,0,0,378,397.9,109,86,78,70,47,113,87.4,77.3,74.9,45.3,0.17,0.181,0.179,390
2025-01-24,0,0,0,0,390,397.9,132,103,94,84,56,113,87.4,77.3,74.9,45.3,0.188,0.171,0.179,469
2025-01-25,1,0,0,0,469,391.9,105,78,60,78,32,111.3,86.1,76.1,73.7,44.6,0.184,0.194,0.221,353
2025-01-26,1,0,1,0,353,400,209,150,114,90,36,113.6,88,77.6,75.6,45.3,0.247,0.215,0.15,599
2025-01-27,0,0,0,0,599,447.3,216,171,155,140,93,132,101,87.3,80,47,0.177,0.174,0.181,775
2025-01-28,0,1,0,1,775,489,234,140,179,101,124,143.6,110.3,95.6,87.6,52,0.268,0.147,0.13,778
2025-01-29,0,1,0,0,778,534.6,150,118,107,96,64,158.7,115.9,108,90.1,61.9,0.166,0.193,0.179,535
2025-01-30,0,1,0,0,535,557,92,73,66,60,40,165,120.9,112.4,94.1,64.6,0.191,0.167,0.181,331
2025-01-31,0,0,0,0,331,548.6,132,103,94,85,56,162.6,119,110.7,92.7,63.6,0.202,0.195,0.181,470
2025-02-01,1,0,0,0,470,548.7,81,60,46,60,24,162.6,119,110.7,92.9,63.6,0.183,0.174,0.221,271
2025-02-02,1,0,0,0,271,537,82,61,47,61,25,159.1,116.4,108.7,90.3,62.4,0.226,0.198,0.221,276
2025-02-03,0,0,0,0,276,490.9,132,103,94,85,56,141,103.7,99.1,86.1,60.9,0.165,0.158,0.181,470
2025-02-04,0,0,0,0,470,447.3,105,82,75,67,45,129,94,90.4,78.3,55.6,0.203,0.156,0.179,374
2025-02-05,0,0,0,0,374,389.6,115,91,83,74,50,110.6,85.7,75.6,73.4,44.3,0.195,0.164,0.179,413
2025-02-06,0,0,0,1,413,372.1,173,105,134,76,93,105.6,81.9,72.1,70.3,42.3,0.252,0.17,0.131,581
2025-02-07,0,0,0,1,581,407.9,174,104,133,75,92,117.1,86.4,81.9,72.6,49.9,0.235,0.178,0.13,578
2025-02-08,1,0,0,0,578,423.3,103,76,59,76,31,123.1,86.6,87.4,71.1,55,0.218,0.16,0.22,345
2025-02-09,1,0,0,0,345,433.9,85,63,49,63,26,126.3,88.9,89.3,73.4,56,0.165,0.174,0.22,286
2025-02-10,0,0,0,0,286,435.3,128,99,90,81,54,126.7,89.1,89.6,73.7,56.1,0.187,0.144,0.179,452
2025-02-11,0,0,0,0,452,432.7,116,92,83,75,50,126.1,88.6,89,73.1,55.9,0.169,0.153,0.18,416
2025-02-12,0,0,1,0,416,438.7,236,180,158,79,65,127.7,90,90.1,74.3,56.6,0.263,0.183,0.11,718
2025-02-13,0,0,0,1,718,482.3,160,96,123,70,86,145,102.7,100.9,75,58.7,0.238,0.162,0.131,535
2025-02-14,0,0,0,0,535,475.7,134,105,95,86,57,143.1,101.4,99.3,74.1,57.7,0.192,0.192,0.18,477
2025-02-15,1,0,0,1,477,461.3,164,92,103,87,67,137.4,101.6,93.9,75.7,52.7,0.273,0.166,0.17,513
2025-02-16,1,0,0,1,513,485.3,151,85,94,80,61,146.1,103.9,100.1,77.3,57.9,0.27,0.153,0.17,471
2025-02-17,0,0,0,0,471,511.7,140,109,99,89,60,155.6,107,106.6,79.7,62.9,0.165,0.203,0.179,497
2025-02-18,0,0,0,1,497,518.1,178,107,136,77,95,157.3,108.4,107.9,80.9,63.7,0.237,0.146,0.13,593
2025-02-19,0,0,0,0,593,543.4,130,101,92,83,55,166.1,110.6,115.4,81.1,70.1,0.16,0.172,0.18,461
2025-02-20,0,0,0,0,461,506.7,114,89,81,73,49,151,99.3,106,81.7,68.7,0.179,0.182,0.18,406
2025-02-21,0,0,0,0,406,488.3,128,101,91,82,55,144.4,98.3,100,82.1,63.4,0.165,0.17,0.179,457
2025-02-22,1,0,0,0,457,485.4,89,65,50,65,27,143.6,97.7,99.4,81.6,63.1,0.163,0.142,0.22,296
2025-02-23,1,0,0,0,296,454.4,86,62,48,62,26,132.9,93.9,91.9,78.4,57.4,0.165,0.171,0.218,284
2025-02-24,0,0,0,1,284,427.7,171,103,132,74,92,123.6,90.6,85.3,75.9,52.4,0.283,0.155,0.129,572
2025-02-25,0,0,0,0,572,438.4,137,107,97,87,58,128,89.7,90,73.7,57,0.178,0.185,0.179,486
2025-02-26,0,0,0,1,486,423.1,199,119,152,86,106,122.1,89.7,84.4,75.1,51.7,0.283,0.138,0.13,662
2025-02-27,0,0,0,1,662,451.9,177,107,136,77,95,132,92.3,93,75.6,59,0.268,0.18,0.13,592
2025-02-28,0,0,0,0,592,478.4,149,117,107,96,64,141,94.9,100.9,76.1,65.6,0.175,0.189,0.18,533
2025-03-01,1,0,0,0,533,489.3,97,71,55,71,29,144,97.1,103.1,78.1,66.9,0.167,0.174,0.22,323
2025-03-02,1,0,0,0,323,493.1,85,63,49,63,26,145.1,98,103.9,79,67.1,0.171,0.134,0.22,286
2025-03-03,0,0,0,0,286,493.4,143,112,102,92,61,145,98.1,104,79.1,67.1,0.185,0.2,0.18,510
2025-03-04,0,0,0,0,510,484.6,133,104,95,85,57,141,99.4,99.7,81.7,62.7,0.189,0.191,0.179,474
2025-03-05,0,0,0,1,474,482.9,161,96,123,70,86,140.4,99,99.4,81.4,62.6,0.286,0.181,0.131,536
2025-03-06,0,0,1,0,536,464.9,236,179,158,79,64,135,95.7,95.3,79.1,59.7,0.242,0.2,0.11,716
2025-03-07,0,0,0,0,716,482.6,136,107,97,87,58,143.4,106,98.4,79.4,55.3,0.172,0.164,0.179,485
2025-03-08,1,0,0,0,485,475.7,99,72,56,72,30,141.6,104.6,97,78.1,54.4,0.205,0.162,0.219,329
2025-03-09,1,0,0,0,329,476.6,97,71,55,71,29,141.9,104.7,97.1,78.3,54.6,0.175,0.173,0.22,323
2025-03-10,0,0,0,0,323,481.9,138,109,99,89,59,143.6,105.9,98,79.4,55,0.193,0.174,0.18,494
2025-03-11,0,0,1,0,494,479.6,217,166,146,73,60,142.9,105.4,97.6,79,54.7,0.271,0.164,0.11,662
2025-03-12,0,0,1,0,662,506.4,232,177,156,78,64,154.9,114.3,104.9,77.3,55.1,0.27,0.226,0.11,707
2025-03-13,0,0,0,0,707,530.9,125,99,90,81,54,165,125.9,109.6,78.4,52,0.186,0.186,0.18,449
2025-03-14,0,0,0,0,449,492.7,129,102,93,84,56,149.1,114.4,99.9,78.7,50.6,0.217,0.176,0.181,464
2025-03-15,1,0,1,1,464,489.7,233,133,139,63,63,148.1,113.7,99.3,78.3,50.3,0.336,0.166,0.1,631
2025-03-16,1,0,0,0,631,532.9,99,73,56,73,30,167.3,122.4,111.1,77,55,0.162,0.156,0.221,331
2025-03-17,0,0,0,0,331,534,156,123,112,100,67,167.6,122.7,111.3,77.3,55.1,0.159,0.195,0.179,558
2025-03-18,0,0,0,0,558,543.1,127,100,91,82,54,170.1,124.7,113.1,78.9,56.3,0.176,0.163,0.181,454
2025-03-19,0,0,0,0,454,513.4,108,84,77,69,46,157.3,115.3,105.3,80.1,55.4,0.176,0.176,0.18,384
2025-03-20,0,0,0,0,384,467.3,124,97,89,80,53,139.6,102,94,78.9,52.9,0.129,0.175,0.181,443
2025-03-21,0,0,0,0,443,466.4,152,119,109,98,65,139.4,101.7,93.9,78.7,52.7,0.178,0.178,0.18,543
2025-03-22,1,0,0,0,543,477.7,104,75,58,75,31,142.7,104.1,96.1,80.7,54,0.2,0.163,0.219,343
2025-03-23,1,0,0,0,343,436.6,88,65,50,65,27,124.3,95.9,84.6,82.4,49.4,0.196,0.175,0.22,295
2025-03-24,0,0,0,0,295,431.4,126,100,91,82,54,122.7,94.7,83.7,81.3,49,0.154,0.163,0.181,453
2025-03-25,0,0,0,0,453,416.4,134,105,95,86,57,118.4,91.4,80.7,78.7,47.1,0.197,0.189,0.18,477
2025-03-26,0,0,0,0,477,419.7,143,113,103,92,62,119.4,92.1,81.3,79.3,47.6,0.17,0.16,0.179,513
2025-03-27,0,0,1,0,513,438.1,228,172,152,76,62,124.4,96.3,85,82.6,49.9,0.225,0.187,0.11,690
2025-03-28,0,0,0,0,690,473.4,151,118,107,97,64,139.3,107,94,82,51.1,0.163,0.141,0.181,537
2025-03-29,1,0,0,1,537,472.6,170,96,107,91,69,139.1,106.9,93.7,81.9,51,0.245,0.14,0.171,533
2025-03-30,1,0,0,0,533,499.7,109,81,62,81,33,148.6,109.9,100.7,84.1,56.4,0.175,0.166,0.221,366
2025-03-31,0,0,0,0,366,509.9,155,122,111,100,66,151.6,112.1,102.4,86.4,57.3,0.161,0.17,0.181,554
2025-04-01,0,0,0,0,554,524.3,134,106,96,87,58,155.7,115.3,105.3,89,59,0.198,0.185,0.181,481
2025-04-02,0,0,0,1,481,524.9,153,92,117,66,82,155.7,115.4,105.4,89.1,59.1,0.264,0.141,0.129,510
2025-04-03,0,0,0,0,510,524.4,116,90,82,74,49,157.1,112.4,107.4,85.4,62,0.155,0.149,0.18,411
2025-04-04,0,0,0,0,411,484.6,125,99,90,81,54,141.1,100.7,97.4,85.1,60.1,0.163,0.139,0.18,449
2025-04-05,1,0,0,0,449,472,103,76,58,76,31,137.4,98,95,82.9,58.7,0.161,0.165,0.221,344
2025-04-06,1,0,1,0,344,445,176,126,96,76,30,127.9,95.1,88,80.7,53.3,0.232,0.169,0.151,504
2025-04-07,0,0,0,0,504,464.7,136,108,98,88,59,137.4,101.6,92.9,80,52.9,0.197,0.168,0.18,489
2025-04-08,0,0,0,1,489,455.4,174,104,133,75,93,134.7,99.6,91,78.3,51.9,0.281,0.175,0.13,579
2025-04-09,0,0,0,0,579,469.4,114,88,80,72,48,140.4,99.3,96.3,76.6,56.9,0.189,0.174,0.179,402
2025-04-10,0,0,0,0,402,454,120,94,86,77,51,134.9,98.7,91,77.4,52,0.148,0.172,0.18,428
2025-04-11,0,0,0,0,428,456.4,142,112,101,91,61,135.4,99.3,91.6,77.9,52.3,0.166,0.167,0.179,507
2025-04-12,1,0,0,0,507,464.7,99,73,56,73,30,137.9,101.1,93.1,79.3,53.3,0.183,0.151,0.221,331
2025-04-13,1,0,0,1,331,462.9,156,88,97,83,63,137.3,100.7,92.9,78.9,53.1,0.258,0.155,0.17,487
2025-04-14,0,0,0,0,487,460.4,147,115,105,94,63,134.4,95.3,93,79.9,57.9,0.167,0.148,0.179,524
2025-04-15,0,0,0,1,524,465.4,163,97,124,70,87,136,96.3,94,80.7,58.4,0.252,0.135,0.129,541
2025-04-16,0,0,0,0,541,460,122,96,88,79,53,134.4,95.3,92.7,80,57.6,0.166,0.183,0.18,438
2025-04-17,0,0,0,0,438,465.1,115,91,83,74,50,135.6,96.4,93.9,81,58.3,0.178,0.181,0.179,413
2025-04-18,0,0,0,0,413,463,130,101,92,83,55,134.9,96,93.4,80.6,58.1,0.154,0.172,0.18,461
2025-04-19,1,0,0,1,461,456.4,153,87,96,82,63,133.1,94.4,92.1,79.4,57.3,0.237,0.151,0.17,481
2025-04-20,1,0,0,0,481,477.9,97,72,55,72,29,140.9,96.4,97.9,80.7,62,0.125,0.161,0.222,325
2025-04-21,0,0,0,0,325,454.7,151,118,107,97,64,132.4,94.1,91.9,79.1,57.1,0.19,0.166,0.181,537
2025-04-22,0,0,0,0,537,456.6,134,105,95,86,57,133,94.6,92.1,79.6,57.3,0.22,0.166,0.18,477
2025-04-23,0,0,0,0,477,447.4,106,83,76,68,45,128.9,95.7,88,81.9,53,0.203,0.177,0.18,378
2025-04-24,0,0,0,0,378,438.9,116,91,82,74,49,126.6,93.9,86.3,80.3,51.9,0.187,0.175,0.18,412
2025-04-25,0,0,0,0,412,438.7,140,111,101,91,60,126.7,93.9,86.1,80.3,51.7,0.204,0.183,0.181,503
2025-04-26,1,0,0,0,503,444.7,106,79,61,79,32,128.1,95.3,87.4,81.4,52.4,0.149,0.171,0.221,357
2025-04-27,1,0,0,1,357,427,153,86,96,81,62,121.4,94.1,82.4,81,48,0.23,0.156,0.169,478
2025-04-28,0,0,0,0,478,448.9,145,114,104,93,62,129.4,96.1,88.3,82.3,52.7,0.163,0.169,0.18,518
2025-04-29,0,0,0,0,518,446.1,142,111,101,91,61,128.6,95.6,87.9,81.7,52.4,0.165,0.2,0.18,506
2025-04-30,0,0,0,1,506,450.3,178,108,138,78,96,129.7,96.4,88.7,82.4,53,0.289,0.151,0.13,598
2025-05-01,0,0,0,0,598,481.7,117,92,84,75,50,140,100,97.6,83.9,60.3,0.162,0.155,0.179,418
2025-05-02,0,0,0,0,418,482.6,133,104,95,85,57,140.1,100.1,97.9,84,60.4,0.143,0.192,0.179,474
2025-05-03,1,0,0,1,474,478.4,162,92,102,87,66,139.1,99.1,97,83.1,60,0.224,0.138,0.171,509
2025-05-04,1,0,0,0,509,500.1,155,113,88,113,46,147.1,101,102.9,84.3,64.9,0.162,0.144,0.219,515
2025-05-05,0,1,0,1,515,505.4,160,96,123,69,85,147.4,104.9,101.7,88.9,62.6,0.277,0.166,0.129,533
2025-05-06,0,0,0,0,533,507.6,115,91,83,75,50,149.6,102.3,104.4,85.4,65.9,0.134,0.167,0.181,414
2025-05-07,0,0,0,0,414,494.4,120,95,86,77,52,145.7,99.4,101.9,83.1,64.3,0.182,0.171,0.179,430
2025-05-08,0,0,0,0,430,470.4,114,90,82,73,49,137.4,97.6,94.4,83,58,0.183,0.188,0.179,408
2025-05-09,0,0,0,0,408,469,126,98,89,80,54,137,97.3,94.1,82.7,57.9,0.151,0.178,0.179,447
2025-05-10,1,0,1,0,447,465.1,190,136,103,82,33,136,96.4,93.3,82,57.4,0.214,0.207,0.151,544
2025-05-11,1,0,1,1,544,470.1,264,150,157,71,71,140,102.7,93.4,81.3,52.7,0.317,0.165,0.1,713
2025-05-12,0,0,1,1,713,498.4,318,192,228,55,119,155.6,108,103.3,75.3,56.3,0.32,0.19,0.06,912
2025-05-13,0,0,1,0,912,552.6,226,171,150,75,62,178.1,121.7,118.3,73.3,61.1,0.182,0.18,0.11,684
2025-05-14,0,0,0,0,684,591.1,125,98,89,80,54,194,133.1,127.9,73.3,62.9,0.175,0.168,0.179,446
2025-05-15,0,0,0,0,446,593.4,118,92,84,75,50,194.7,133.6,128.3,73.7,63.1,0.146,0.183,0.179,419
2025-05-16,0,0,0,0,419,595,126,100,91,82,54,195.3,133.9,128.6,74,63.3,0.196,0.194,0.181,453
2025-05-17,1,0,0,0,453,595.9,106,78,60,78,32,195.3,134.1,128.9,74.3,63.3,0.226,0.154,0.22,354
2025-05-18,1,0,0,0,354,568.7,89,65,50,65,27,183.3,125.9,122.7,73.7,63.1,0.188,0.175,0.22,296
2025-05-19,0,0,0,0,296,509.1,137,107,97,88,58,158.3,113.7,107.4,72.9,56.9,0.169,0.163,0.181,487
2025-05-20,0,0,0,0,487,448.4,126,99,90,81,54,132.4,101.6,88.7,77.6,48.1,0.201,0.155,0.18,450
2025-05-21,0,0,0,0,450,415,115,91,83,75,50,118.1,91.3,80.1,78.4,47,0.203,0.177,0.181,414
2025-05-22,0,0,0,0,414,410.4,113,89,81,73,49,116.7,90.3,79.3,77.7,46.4,0.146,0.167,0.18,405
2025-05-23,0,0,0,0,405,408.4,125,98,89,80,53,116,89.9,78.9,77.4,46.3,0.194,0.172,0.18,445
2025-05-24,1,0,0,0,445,407.3,90,65,50,65,27,115.9,89.6,78.6,77.1,46.1,0.201,0.166,0.219,297
2025-05-25,1,0,0,0,297,399.1,122,89,69,89,36,113.6,87.7,77.1,75.3,45.4,0.186,0.139,0.22,405
2025-05-26,0,0,0,0,405,414.7,153,120,109,98,66,118.3,91.1,79.9,78.7,46.7,0.176,0.193,0.179,546
2025-05-27,0,0,0,0,546,423.1,132,105,95,86,57,120.6,93,81.6,80.1,47.9,0.187,0.153,0.181,475
2025-05-28,0,0,0,0,475,426.7,136,107,98,88,59,121.4,93.9,82.3,80.9,48.3,0.195,0.171,0.18,488
2025-05-29,0,0,0,0,488,437.3,134,105,95,86,57,124.4,96.1,84.4,82.7,49.6,0.175,0.158,0.18,477
2025-05-30,0,0,0,0,477,447.6,148,116,106,95,63,127.4,98.4,86.4,84.6,50.7,0.173,0.18,0.18,528
2025-05-31,1,0,0,0,528,459.4,111,82,63,82,33,130.7,101,88.9,86.7,52.1,0.146,0.147,0.221,371
2025-06-01,1,0,0,1,371,470,132,127,78,102,49,133.7,103.4,90.7,89.1,53,0.241,0.195,0.209,488
2025-06-02,0,0,0,0,488,481.9,118,154,82,113,46,135.1,108.9,92,91,54.9,0.162,0.194,0.22,513
2025-06-03,0,0,0,1,513,477.1,158,165,120,107,82,130.1,113.7,88.1,93.1,52,0.261,0.193,0.169,632
2025-06-04,0,0,0,0,632,499.6,112,144,78,107,44,133.9,122.3,91.7,96.1,55.6,0.227,0.2,0.221,485
2025-06-05,0,0,0,0,485,499.1,109,143,76,104,43,130.4,127.6,88.9,98.9,53.4,0.162,0.233,0.219,475
2025-06-06,0,0,0,0,475,498.9,122,160,85,117,48,126.9,133,86.1,101.4,51.4,0.172,0.207,0.22,532
2025-06-07,1,0,0,0,532,499.4,90,108,47,94,22,123.1,139.3,83.1,104.6,49.3,0.185,0.199,0.26,361
2025-06-08,1,0,0,0,361,498,81,97,42,84,19,120.1,143,80.9,106.3,47.7,0.169,0.217,0.26,323
2025-06-09,0,0,0,0,323,474.4,111,144,77,106,43,112.9,138.7,75.7,103.7,43.4,0.153,0.207,0.22,481
2025-06-10,0,0,0,0,481,469.9,106,138,73,101,41,111.9,137.3,75,102.7,43,0.168,0.218,0.22,459
2025-06-11,0,0,0,0,459,445.1,106,138,73,101,41,104.4,133.4,68.3,101.9,37.1,0.207,0.221,0.22,459
2025-06-12,0,0,0,0,459,441.4,111,144,77,106,43,103.6,132.6,67.6,101,36.7,0.144,0.178,0.22,481
2025-06-13,0,0,0,0,481,442.3,118,155,82,113,46,103.9,132.7,67.7,101.3,36.7,0.173,0.218,0.22,514
2025-06-14,1,0,0,0,514,439.7,91,110,47,95,22,103.3,132,67.3,100.7,36.4,0.204,0.208,0.26,365
2025-06-15,1,0,1,0,365,440.3,179,197,89,113,18,103.4,132.3,67.3,100.9,36.4,0.246,0.204,0.19,596
2025-06-16,0,0,0,0,596,479.3,115,149,80,110,45,117.4,146.6,74,105,36.3,0.168,0.218,0.22,499
2025-06-17,0,0,1,0,499,481.9,183,215,118,98,39,118,147.3,74.4,105.6,36.6,0.239,0.23,0.15,653
2025-06-18,0,0,0,0,653,509.6,111,145,77,106,43,129,158.3,80.9,105.1,36.3,0.195,0.223,0.22,482
2025-06-19,0,0,0,0,482,512.9,111,146,77,106,44,129.7,159.3,81.4,105.9,36.6,0.178,0.203,0.219,484
2025-06-20,0,0,0,0,484,513.3,126,164,87,120,49,129.7,159.6,81.4,105.9,36.7,0.178,0.201,0.22,546
2025-06-21,1,0,0,0,546,517.9,95,113,49,98,23,130.9,160.9,82.1,106.9,37.1,0.151,0.183,0.259,378
2025-06-22,1,0,0,0,378,519.7,74,89,39,77,18,131.4,161.3,82.4,107.3,37.3,0.164,0.208,0.259,297
2025-06-23,0,0,0,0,297,477,121,158,84,116,47,116.4,145.9,75.3,102.1,37.3,0.163,0.216,0.221,526
2025-06-24,0,0,0,0,526,480.9,114,148,79,109,44,117.3,147.1,75.9,103,37.6,0.171,0.177,0.221,494
2025-06-25,0,0,0,0,494,458.1,122,160,85,117,48,107.4,137.6,70.3,104.6,38.3,0.171,0.182,0.22,532
2025-06-26,0,0,0,0,532,465.3,111,144,77,106,43,109,139.7,71.4,106.1,39,0.131,0.181,0.22,481
2025-06-27,0,0,0,0,481,464.9,125,163,87,120,49,109,139.4,71.4,106.1,38.9,0.178,0.23,0.221,544
2025-06-28,1,0,0,0,544,464.6,97,116,50,100,23,108.9,139.3,71.4,106.1,38.9,0.176,0.206,0.259,386
2025-06-29,1,0,0,0,386,465.7,91,109,47,95,22,109.1,139.7,71.6,106.4,38.9,0.171,0.191,0.261,364
2025-06-30,0,0,0,0,364,475.3,131,170,91,125,51,111.6,142.6,72.7,109,39.4,0.158,0.21,0.22,568
2025-07-01,0,0,0,0,568,481.3,108,141,75,103,42,113,144.3,73.7,110.3,40,0.183,0.214,0.22,469
2025-07-02,0,0,1,0,469,477.7,203,239,130,109,43,112.1,143.3,73.1,109.4,39.7,0.213,0.213,0.151,724
2025-07-03,0,0,0,0,724,505.1,108,141,75,103,42,123.7,154.6,79.6,108.3,39,0.186,0.244,0.22,469
2025-07-04,0,0,0,0,469,503.4,111,146,77,106,43,123.3,154.1,79.3,107.9,38.9,0.144,0.19,0.219,483
2025-07-05,1,0,0,0,483,494.7,94,112,49,97,22,121.3,151.7,77.9,105.9,38,0.184,0.212,0.259,374
2025-07-06,1,0,0,1,374,493,119,114,70,92,44,120.9,151.1,77.7,105.4,37.9,0.245,0.184,0.21,439
2025-07-07,0,0,0,0,439,503.7,116,152,81,111,45,124.9,151.9,81,105,41,0.215,0.202,0.22,505
2025-07-08,0,0,0,0,505,494.7,103,134,72,98,40,122.7,149.3,79.6,103,40.1,0.135,0.215,0.219,447
2025-07-09,0,0,0,0,447,491.6,93,122,65,89,37,122,148.3,79.1,102.3,39.9,0.15,0.211,0.219,406
2025-07-10,0,0,0,0,406,446.1,106,138,73,101,41,106.3,131.6,69.9,99.4,39,0.147,0.208,0.22,459
2025-07-11,0,0,0,0,459,444.7,107,140,74,102,42,106,131.1,69.6,99.1,38.9,0.189,0.199,0.219,465
2025-07-12,1,0,0,0,465,442.1,92,110,48,96,22,105.4,130.3,69.1,98.6,38.7,0.202,0.194,0.261,368
2025-07-13,1,0,0,1,368,441.3,136,132,81,106,51,105.1,130,69,98.4,38.7,0.259,0.199,0.209,506
2025-07-14,0,0,0,0,506,450.9,108,142,75,103,42,107.6,132.6,70.6,100.4,39.7,0.217,0.214,0.219,470
2025-07-15,0,0,0,0,470,445.9,99,128,69,94,39,106.4,131.1,69.7,99.3,39.3,0.171,0.197,0.219,429
2025-07-16,0,0,0,0,429,443.3,103,134,71,98,40,105.9,130.3,69.3,98.7,39.1,0.175,0.2,0.22,446
2025-07-17,0,0,0,0,446,449,93,122,65,89,36,107.3,132,70.1,100,39.6,0.201,0.222,0.22,405
2025-07-18,0,0,0,0,405,441.3,111,146,77,106,43,105.4,129.7,69,98.3,38.9,0.192,0.197,0.219,483
2025-07-19,1,0,0,0,483,443.9,93,111,48,96,22,106,130.6,69.4,98.9,39,0.174,0.214,0.259,370
2025-07-20,1,0,0,1,370,444.1,125,119,73,96,46,106.1,130.7,69.4,98.9,39,0.236,0.164,0.209,459
2025-07-21,0,0,0,0,459,437.4,112,144,78,107,44,104.6,128.9,68.3,97.4,38.3,0.233,0.209,0.221,485
2025-07-22,0,0,0,0,485,439.6,99,128,69,95,39,105.1,129.1,68.7,98,38.6,0.19,0.202,0.221,430
2025-07-23,0,0,0,0,430,439.7,101,131,70,97,40,105.1,129.1,68.7,98.1,38.6,0.179,0.189,0.221,439
2025-07-24,0,0,0,0,439,438.7,101,132,70,97,40,104.9,128.7,68.6,98,38.6,0.222,0.247,0.22,440
2025-07-25,0,0,0,0,440,443.7,118,156,82,113,46,106,130.1,69.3,99.1,39.1,0.159,0.166,0.219,515
2025-07-26,1,0,0,1,515,448.3,145,140,86,113,54,107,131.6,70,100.1,39.6,0.285,0.208,0.21,538
2025-07-27,1,0,0,0,538,472.3,80,96,42,83,19,114.4,135.7,75.4,102.6,44.1,0.187,0.188,0.259,320
2025-07-28,0,0,0,0,320,452.4,127,166,89,122,50,108,132.4,71,100.7,40.3,0.154,0.186,0.22,554
2025-07-29,0,0,0,1,554,462.3,154,159,117,104,80,110.1,135.6,72.6,102.9,41.1,0.291,0.189,0.169,614
2025-07-30,0,0,0,0,614,488.6,106,138,74,102,42,118,140,79.4,104.1,47,0.171,0.192,0.221,462
2025-07-31,0,0,1,0,462,491.9,186,218,120,100,40,118.7,141,80,104.9,47.3,0.254,0.221,0.151,664
2025-08-01,0,0,1,0,664,523.9,192,225,123,103,41,130.9,153.3,87.1,105.3,47.3,0.215,0.21,0.151,684
2025-08-02,1,0,0,0,684,548,80,97,42,83,19,141.4,163.1,93,103.9,46.6,0.174,0.195,0.259,321
2025-08-03,1,0,0,0,321,517,74,88,38,77,18,132.1,157,86.7,99.6,41.6,0.177,0.189,0.261,295
2025-08-04,0,0,0,1,295,513.4,167,172,127,113,87,131.3,155.9,86.1,98.7,41.4,0.28,0.166,0.17,666
2025-08-05,0,0,0,0,666,529.4,98,129,68,94,39,137,156.7,91.6,97.4,46.7,0.196,0.22,0.22,428
2025-08-06,0,0,0,0,428,502.9,90,118,63,86,35,129,152.4,84.6,96,40.9,0.184,0.204,0.219,392
2025-08-07,0,0,0,0,392,492.9,93,121,64,89,36,126.7,149.6,83,93.7,39.9,0.19,0.212,0.221,403
2025-08-08,0,0,0,0,403,455.6,106,138,74,101,41,113.4,135.7,75,92.1,39.3,0.184,0.191,0.22,460
2025-08-09,1,0,0,0,460,423.6,83,99,43,86,20,101.1,123.3,68,91.9,39.3,0.2,0.2,0.26,331
2025-08-10,1,0,0,0,331,425,73,87,38,75,17,101.6,123.6,68.1,92.3,39.4,0.199,0.175,0.259,290
2025-08-11,0,0,0,1,290,424.3,141,145,107,96,73,101.4,123.4,68.1,92,39.3,0.251,0.189,0.171,562
2025-08-12,0,0,0,0,562,409.4,105,137,73,100,41,97.7,119.6,65.3,89.6,37.3,0.182,0.216,0.219,456
2025-08-13,0,0,0,0,456,413.4,88,116,61,84,34,98.7,120.7,66,90.4,37.6,0.168,0.2,0.219,383
2025-08-14,0,0,0,1,383,412.1,134,139,101,91,69,98.4,120.4,65.7,90.1,37.4,0.3,0.179,0.17,534
2025-08-15,0,0,0,0,534,430.9,107,139,75,103,42,104.3,123,71,90.4,42.1,0.169,0.213,0.221,466
2025-08-16,1,0,0,0,466,431.7,76,92,40,79,18,104.4,123.1,71.1,90.7,42.3,0.188,0.182,0.259,305
2025-08-17,1,0,0,0,305,428,65,77,34,67,15,103.4,122.1,70.7,89.7,42,0.185,0.186,0.26,258
2025-08-18,0,0,0,0,258,423.4,109,141,76,104,43,102.3,120.7,70.1,88.6,41.7,0.194,0.196,0.22,473
2025-08-19,0,0,0,1,473,410.7,147,153,112,100,77,97.7,120.1,65.7,89.7,37.4,0.259,0.2,0.17,589
2025-08-20,0,0,1,0,589,429.7,182,214,117,97,39,103.7,122.4,71.3,89.7,42.6,0.236,0.219,0.149,649
2025-08-21,0,0,0,1,649,467.7,155,161,118,105,80,117.1,136.4,79.3,91.6,43.3,0.26,0.18,0.17,619
2025-08-22,0,0,0,0,619,479.9,107,140,74,102,42,120.1,139.6,81.7,93.6,44.9,0.182,0.248,0.219,465
2025-08-23,1,0,0,0,465,479.7,77,93,40,80,19,120.1,139.7,81.6,93.4,44.9,0.152,0.208,0.259,309
2025-08-24,1,0,0,0,309,480.3,63,75,32,65,15,120.3,139.9,81.6,93.6,45,0.189,0.18,0.26,250
2025-08-25,0,0,0,0,250,479.1,111,146,77,106,43,120,139.6,81.3,93.3,45,0.189,0.222,0.219,483
2025-08-26,0,0,0,0,483,480.6,104,136,72,100,41,120.3,140.3,81.4,93.6,45,0.175,0.187,0.221,453
2025-08-27,0,0,0,1,453,461.1,131,136,100,89,68,114.1,137.9,75.7,93.6,39.9,0.278,0.18,0.17,524
2025-08-28,0,0,0,0,524,443.3,99,128,69,95,39,106.9,126.7,73.3,92.4,44,0.191,0.207,0.221,430
2025-08-29,0,0,0,0,430,416.3,119,155,83,114,47,98.9,122,66.3,91,38.1,0.198,0.183,0.22,518
2025-08-30,1,0,0,1,518,423.9,138,133,82,108,51,100.6,124.1,67.6,92.7,38.9,0.232,0.186,0.211,512
2025-08-31,1,0,0,0,512,452.9,90,107,47,94,22,109.3,129.9,73.6,96.7,43.4,0.173,0.2,0.261,360
2025-09-01,0,0,1,0,360,468.6,226,172,151,75,62,113.1,134.4,75.7,100.9,44.4,0.233,0.213,0.109,686
2025-09-02,0,0,0,0,686,497.6,119,94,85,77,51,129.6,138.1,86.3,96.4,47.1,0.151,0.158,0.181,426
2025-09-03,0,0,0,0,426,493.7,89,70,64,57,38,131.7,132.1,88.1,93.1,48.6,0.185,0.195,0.179,318
2025-09-04,0,0,0,1,318,464.3,203,123,157,89,109,125.7,122.7,83,88.6,44.3,0.258,0.181,0.131,681
2025-09-05,0,1,0,0,681,500.1,135,106,97,87,58,140.6,122,95.6,87.7,54.3,0.19,0.163,0.18,483
2025-09-06,1,1,0,0,483,495.1,70,51,40,51,21,142.9,115,97.6,83.9,55.9,0.159,0.164,0.219,233
2025-09-07,1,1,0,0,233,455.3,30,22,17,22,9,133.1,103.3,91.6,75.7,51.6,0.197,0.163,0.22,100
2025-09-08,0,0,0,0,100,418.1,113,89,81,73,48,124.6,91.1,87.3,65.4,49.7,0.189,0.178,0.181,404
2025-09-09,0,0,0,0,404,377.9,98,77,70,63,42,108.4,79.3,77.3,65.1,47.7,0.182,0.158,0.18,350
2025-09-10,0,0,0,0,350,367,91,71,65,58,39,105.4,76.9,75.1,63.1,46.4,0.158,0.178,0.179,324
2025-09-11,0,0,0,0,324,367.9,97,76,69,62,41,105.7,77,75.3,63.3,46.6,0.165,0.157,0.18,345
2025-09-12,0,0,0,0,345,319.9,111,88,80,72,48,90.6,70.3,62.7,59.4,36.9,0.163,0.185,0.18,399
2025-09-13,1,0,0,0,399,307.9,86,62,48,62,25,87.1,67.7,60.3,57.3,35.4,0.166,0.195,0.219,283
2025-09-14,1,0,0,0,283,315,66,49,38,49,20,89.4,69.3,61.4,58.9,36,0.211,0.172,0.221,222
2025-09-15,0,0,0,0,222,332.4,104,83,75,68,45,94.6,73.1,64.4,62.7,37.6,0.146,0.182,0.181,375
2025-09-16,0,0,0,0,375,328.3,98,78,71,64,42,93.3,72.3,63.6,62,37.1,0.189,0.158,0.181,353
2025-09-17,0,0,0,0,353,328.7,95,75,68,61,41,93.3,72.4,63.7,62.1,37.1,0.19,0.158,0.179,340
2025-09-18,0,0,0,0,340,331,103,81,74,66,44,93.9,73,64.1,62.6,37.4,0.16,0.151,0.179,368
2025-09-19,0,0,1,1,368,334.3,279,167,199,48,103,94.7,73.7,64.9,63.1,37.9,0.299,0.191,0.06,796
2025-09-20,1,0,0,0,796,391,93,69,53,69,28,118.7,85,81.9,59.7,45.7,0.134,0.168,0.221,312
2025-09-21,1,0,0,0,312,395.1,73,54,41,54,22,119.7,86,82.6,60.7,46.1,0.18,0.166,0.221,244
2025-09-22,0,0,0,0,244,398.3,100,79,71,64,43,120.7,86.7,83,61.4,46.4,0.195,0.167,0.179,357
2025-09-23,0,0,0,0,357,395.7,114,88,80,72,48,120.1,86.1,82.4,60.9,46.1,0.17,0.159,0.179,402
2025-09-24,0,0,0,0,402,402.7,103,81,73,66,44,122.4,87.6,83.7,62,47,0.187,0.153,0.18,367
2025-09-25,0,0,0,0,367,406.6,106,83,75,68,45,123.6,88.4,84.4,62.7,47.4,0.194,0.191,0.18,377
2025-09-26,0,0,0,0,377,407.9,115,91,83,74,50,124,88.7,84.6,63,47.6,0.193,0.16,0.179,413
2025-09-27,1,0,0,1,413,353.1,155,87,97,82,63,100.6,77.9,68,66.7,40,0.255,0.166,0.169,484
2025-09-28,1,0,0,0,484,377.7,80,59,45,59,24,109.4,80.4,74.3,68.6,45,0.192,0.143,0.221,267
2025-09-29,0,0,0,0,267,381,127,100,91,82,54,110.4,81.1,74.9,69.3,45.3,0.167,0.179,0.181,454
2025-09-30,0,0,0,0,454,394.9,116,90,82,74,49,114.3,84.1,77.7,71.9,46.9,0.198,0.178,0.18,411
2025-10-01,0,0,1,0,411,396.1,203,154,135,68,55,114.6,84.4,78,72.1,47,0.222,0.212,0.111,615
2025-10-02,0,0,0,0,615,431.6,100,78,71,64,43,128.9,94.9,86.9,72.4,48.6,0.191,0.173,0.18,356
2025-10-03,0,0,0,0,356,428.6,117,93,84,76,51,128,94.1,86.3,71.9,48.3,0.147,0.176,0.181,421
2025-10-04,1,0,1,0,421,429.7,204,146,111,87,35,128.3,94.4,86.4,72.1,48.4,0.246,0.185,0.149,583
2025-10-05,1,0,0,0,583,443.9,91,66,51,66,27,135.3,102.9,88.4,72.9,44.4,0.187,0.152,0.219,301
2025-10-06,0,0,0,0,301,448.7,110,88,80,72,48,136.9,103.9,89.3,73.9,44.9,0.154,0.172,0.181,398
2025-10-07,0,0,0,1,398,440.7,166,99,127,72,88,134.4,102.1,87.7,72.4,44,0.244,0.161,0.13,552
2025-10-08,0,0,0,0,552,460.9,103,81,73,66,44,141.6,103.4,94.1,72.1,49.6,0.156,0.183,0.18,367
2025-10-09,0,0,0,1,367,425.4,146,88,112,63,78,127.3,93,85.3,71.9,48,0.261,0.162,0.129,487
2025-10-10,0,0,0,0,487,444.1,118,93,84,76,51,133.9,94.4,91.1,71.7,53,0.201,0.169,0.18,422
2025-10-11,1,0,0,0,422,444.3,77,58,45,58,24,134,94.4,91.1,71.7,53,0.165,0.18,0.221,262
2025-10-12,1,0,1,0,262,398.4,174,124,94,74,30,115.9,81.9,81.7,67.6,51.4,0.24,0.142,0.149,496
2025-10-13,0,0,0,0,496,426.3,126,99,90,81,54,127.7,90.1,87.9,68.7,51.9,0.189,0.165,0.18,450
2025-10-14,0,0,0,0,450,433.7,102,80,72,65,43,130,91.7,89.3,70,52.7,0.156,0.179,0.18,362
2025-10-15,0,0,0,0,362,406.6,100,79,71,64,43,120.9,89,81.4,69,46.3,0.183,0.174,0.179,357
2025-10-16,0,0,0,1,357,405.1,140,83,106,60,74,120.4,88.7,81.1,68.7,46.1,0.294,0.182,0.13,463
2025-10-17,0,0,0,0,463,401.7,108,85,77,69,46,119.6,88,80.3,68.3,45.6,0.197,0.184,0.179,385
2025-10-18,1,0,0,0,385,396.4,94,68,53,68,28,118.1,86.9,79.3,67.3,44.9,0.163,0.175,0.219,311
2025-10-19,1,0,0,0,311,403.4,68,50,39,50,20,120.6,88.3,80.4,68.7,45.4,0.173,0.179,0.22,227
2025-10-20,0,0,0,0,227,365,109,86,78,70,47,105.4,77.7,72.6,65.3,44,0.182,0.149,0.179,390
2025-10-21,0,0,1,0,390,356.4,226,170,150,75,61,103,75.9,70.9,63.7,43,0.261,0.183,0.11,682
2025-10-22,0,0,0,0,682,402.1,104,81,74,67,44,120.7,88.7,82,65.1,45.6,0.162,0.185,0.181,370
2025-10-23,0,0,0,1,370,404,162,98,125,70,87,121.3,89,82.4,65.6,45.7,0.285,0.163,0.129,542
2025-10-24,0,0,0,1,542,415.3,165,99,127,72,88,124.4,91.1,85.1,67,47.6,0.273,0.161,0.131,551
2025-10-25,1,0,0,0,551,439,98,72,56,72,30,132.6,93.1,92.3,67.4,53.6,0.202,0.166,0.22,328
2025-10-26,1,0,0,0,328,441.4,85,63,49,63,26,133.1,93.7,92.7,68,53.9,0.179,0.168,0.22,286
2025-10-27,0,0,0,0,286,449.9,124,99,90,81,54,135.6,95.6,94.1,69.9,54.7,0.177,0.162,0.181,448
2025-10-28,0,0,0,0,448,458.1,109,86,78,70,47,137.7,97.4,95.9,71.4,55.7,0.17,0.159,0.179,390
2025-10-29,0,0,0,0,390,416.4,107,84,77,69,46,121,85.4,85.6,70.7,53.7,0.192,0.154,0.18,383
2025-10-30,0,0,0,0,383,418.3,112,88,80,72,48,121.4,85.9,86,71,54,0.166,0.187,0.18,400
2025-10-31,0,0,0,0,400,398,116,91,83,75,50,114.3,84.4,79.6,71.3,48.4,0.164,0.152,0.181,415
2025-11-01,1,0,0,0,415,378.6,139,73,85,61,49,107.3,83.3,73.3,71.7,43,0.195,0.14,0.15,407
2025-11-02,1,0,0,0,407,389.9,122,65,75,54,43,113.1,83.4,77.4,70.1,45.7,0.211,0.17,0.15,359
2025-11-03,0,0,0,0,359,400.3,169,95,127,58,79,118.4,83.7,81.1,68.9,48.1,0.198,0.152,0.11,528
2025-11-04,0,0,0,0,528,411.7,163,92,122,56,76,124.9,83.1,86.4,65.6,51.7,0.168,0.189,0.11,509
2025-11-05,0,0,0,0,509,428.7,150,84,112,51,70,132.6,84,92.7,63.6,55.9,0.188,0.159,0.109,467
2025-11-06,0,0,0,1,467,440.7,220,91,175,39,123,138.7,84,97.7,61,59.3,0.259,0.164,0.06,648
2025-11-07,0,0,0,0,648,476.1,180,102,135,62,85,154.1,84.4,111.3,56.3,70,0.165,0.158,0.11,564
2025-11-08,1,0,0,0,564,497.4,135,72,84,60,48,163.3,86,118.7,54.4,75,0.21,0.142,0.15,399
2025-11-09,1,0,0,0,399,496.3,114,61,71,51,40,162.7,85.9,118.6,54.3,74.9,0.188,0.129,0.151,337
2025-11-10,0,0,0,0,337,493.1,170,96,128,59,80,161.6,85.3,118,53.9,74.4,0.201,0.14,0.111,533
2025-11-11,0,0,0,0,533,493.9,163,91,122,56,76,161.7,85.4,118.1,54,74.6,0.196,0.186,0.11,508
2025-11-12,0,0,0,0,508,493.7,164,92,122,56,76,161.7,85.3,118.1,54,74.6,0.164,0.145,0.11,510
2025-11-13,0,0,0,1,510,499.9,209,86,166,37,117,163.7,86.4,119.6,54.7,75.4,0.26,0.148,0.06,615
2025-11-14,0,0,0,0,615,495.1,173,97,130,60,81,162.1,85.7,118.3,54.4,74.6,0.193,0.171,0.111,541
2025-11-15,1,0,0,0,541,491.9,133,71,82,59,47,161.1,85,117.6,54.1,74,0.16,0.152,0.151,392
2025-11-16,1,0,0,1,392,490.9,197,77,132,55,88,160.9,84.9,117.3,54,73.9,0.28,0.149,0.1,549
2025-11-17,0,0,0,0,549,521.1,168,94,125,57,78,172.7,87.1,126,54.6,80.7,0.232,0.152,0.109,522
2025-11-18,0,0,0,0,522,519.6,170,95,127,58,80,172.4,86.9,125.6,54.3,80.4,0.167,0.159,0.109,530
2025-11-19,0,0,0,0,530,522.7,161,90,120,55,75,173.4,87.4,126.3,54.6,81,0.19,0.172,0.11,501
2025-11-20,0,0,0,1,501,521.4,216,89,171,38,120,173,87.1,126,54.4,80.9,0.266,0.154,0.06,634
2025-11-21,0,0,0,0,634,524.1,159,89,119,54,74,174,87.6,126.7,54.6,81.3,0.18,0.149,0.109,495
2025-11-22,1,0,0,0,495,517.6,134,71,83,59,47,172,86.4,125.1,53.7,80.3,0.192,0.135,0.15,394
2025-11-23,1,0,0,0,394,517.9,120,64,75,53,43,172.1,86.4,125.3,53.7,80.3,0.192,0.156,0.149,355
2025-11-24,0,0,0,0,355,490.1,186,105,139,64,87,161.1,84.6,117.1,53.4,73.9,0.212,0.117,0.11,581
2025-11-25,0,0,0,0,581,498.6,172,97,129,59,81,163.7,86.1,119.1,54.4,75.1,0.177,0.164,0.11,538
2025-11-26,0,0,0,0,538,499.7,168,94,125,57,78,164,86.4,119.4,54.6,75.3,0.195,0.147,0.109,522
2025-11-27,0,0,0,0,522,502.7,164,93,123,57,77,165,87,120.1,54.9,75.7,0.139,0.184,0.111,514
2025-11-28,0,0,0,0,514,485.6,179,101,134,61,84,157.6,87.6,113.3,57.6,69.6,0.213,0.132,0.109,559
2025-11-29,1,0,0,0,559,494.7,163,87,101,72,58,160.4,89.3,115.4,58.6,71,0.192,0.146,0.15,481
2025-11-30,1,0,0,0,481,507.1,135,72,84,60,48,164.6,91.6,118,60.4,72.6,0.179,0.185,0.15,399
2025-12-01,0,0,0,1,399,513.4,262,108,208,46,146,166.7,92.7,119.3,61.4,73.3,0.257,0.123,0.06,770
2025-12-02,0,0,0,0,770,540.4,180,102,136,62,85,177.6,93.1,129.1,58.9,81.7,0.17,0.16,0.11,565
2025-12-03,0,0,0,0,565,544.3,155,88,117,54,73,178.7,93.9,130.1,59.3,82.3,0.202,0.178,0.111,487
2025-12-04,0,0,0,0,487,539.3,155,88,117,54,73,176.9,93,129,58.9,81.6,0.181,0.179,0.111,487
2025-12-05,0,0,0,0,487,535.4,179,101,134,61,84,175.6,92.3,128.1,58.4,81,0.188,0.159,0.109,559
2025-12-06,1,0,0,0,559,535.4,145,77,90,64,51,175.6,92.3,128.1,58.4,81,0.179,0.15,0.15,427
2025-12-07,1,0,0,0,427,527.7,121,64,75,53,43,173,90.9,126.6,57.3,80,0.168,0.155,0.149,356
2025-12-08,0,0,0,0,356,521.6,180,102,136,62,85,171,89.7,125.3,56.3,79.3,0.209,0.15,0.11,565
2025-12-09,0,0,0,0,565,492.3,176,98,131,60,82,159.3,88.9,115,58.6,70.6,0.208,0.151,0.11,547
2025-12-10,0,0,0,0,547,489.7,159,89,119,55,74,158.7,88.3,114.3,58.3,70.1,0.177,0.143,0.111,496
2025-12-11,0,0,0,0,496,491,164,92,122,56,76,159.3,88.4,114.6,58.4,70.3,0.219,0.147,0.11,510
2025-12-12,0,0,0,0,510,494.3,181,102,136,62,85,160.6,89,115.3,58.7,70.7,0.148,0.132,0.11,566
2025-12-13,1,0,0,0,566,495.3,150,80,93,66,53,160.9,89.1,115.6,58.9,70.9,0.206,0.168,0.149,442
2025-12-14,1,0,0,0,442,497.4,121,64,75,54,43,161.6,89.6,116,59.1,71.1,0.164,0.159,0.151,357
2025-12-15,0,0,0,0,357,497.6,176,99,132,61,83,161.6,89.6,116,59.3,71.1,0.184,0.151,0.111,551
2025-12-16,0,0,0,0,551,495.6,179,100,134,61,84,161,89.1,115.4,59.1,70.9,0.167,0.141,0.109,558
2025-12-17,0,0,0,0,558,497.1,178,100,134,61,84,161.4,89.4,115.9,59.3,71.1,0.195,0.149,0.11,557
2025-12-18,0,0,0,0,557,505.9,169,95,126,58,79,164.1,91,118,60.1,72.6,0.165,0.187,0.11,527
2025-12-19,0,0,0,0,527,508.3,168,95,126,58,79,164.9,91.4,118.6,60.4,73,0.177,0.191,0.11,526
2025-12-20,1,0,0,0,526,502.6,159,84,98,70,56,163,90.4,117.1,59.9,72.1,0.19,0.152,0.15,467
2025-12-21,1,0,0,0,467,506.1,128,68,79,56,45,164.3,91,117.9,60.4,72.6,0.148,0.159,0.149,376
2025-12-22,0,0,1,0,376,508.9,314,179,221,34,102,165.3,91.6,118.4,60.7,72.9,0.244,0.175,0.04,850
2025-12-23,0,0,0,1,850,551.6,341,140,270,60,190,185,103,131.1,56.9,75.6,0.262,0.147,0.06,1001
2025-12-24,0,1,1,0,1001,614.9,295,168,208,32,96,208.1,108.7,150.6,56.7,90.7,0.239,0.179,0.04,799
2025-12-25,0,1,0,0,799,649.4,163,91,122,56,76,224.9,118.4,161.1,52.6,92.4,0.178,0.176,0.11,508
2025-12-26,0,0,0,1,508,646.7,247,102,197,44,139,224,117.9,160.6,52.3,92,0.277,0.151,0.06,729
2025-12-27,1,0,0,0,729,675.7,171,91,106,76,60,235.3,118.9,170.7,50.3,100.6,0.182,0.153,0.151,504
2025-12-28,1,0,0,0,504,681,147,78,91,65,52,237,119.9,171.9,51.1,101.1,0.203,0.143,0.15,433
2025-12-29,0,0,0,0,433,689.1,204,114,152,70,95,239.7,121.3,173.6,52.4,102.1,0.139,0.147,0.11,635
2025-12-30,0,0,0,0,635,658.4,197,111,148,68,92,224,112,163.7,57.6,101.1,0.156,0.164,0.11,616
2025-12-31,0,0,0,0,616,603.4,162,90,120,55,75,203.4,107.9,146.3,58.7,87.1,0.193,0.171,0.11,502
